relative_time,usage_percent,used_mb,root_dir
1.1920928955078125e-06,48.9,1607.76953125,
0.10155797004699707,48.9,1607.76953125,
0.20253777503967285,48.9,1607.76953125,
0.30396533012390137,48.9,1607.76953125,
0.40448427200317383,48.9,1607.76953125,
0.5059709548950195,48.9,1607.76953125,
0.607036828994751,48.9,1607.76953125,
0.7082178592681885,48.9,1607.76953125,
0.8086168766021729,48.9,1607.76953125,
0.9096355438232422,48.9,1607.76953125,
1.0110290050506592,48.9,1607.76953125,
1.112257957458496,48.9,1607.76953125,
1.2128679752349854,48.9,1607.76953125,
1.3143737316131592,48.9,1607.76953125,
1.4156873226165771,48.9,1607.76953125,
1.5166847705841064,48.9,1607.76953125,
1.6177449226379395,48.9,1607.76953125,
1.7191126346588135,48.9,1607.76953125,
1.8196918964385986,48.9,1607.76953125,
1.9209904670715332,48.9,1607.76953125,
2.0225181579589844,48.9,1607.76953125,
2.123976707458496,48.9,1607.76953125,
2.2253336906433105,48.9,1607.76953125,
2.326127529144287,48.9,1607.76953125,
2.426780939102173,48.9,1607.76953125,
2.5274481773376465,48.9,1607.76953125,
2.6288959980010986,48.9,1607.76953125,
2.730185031890869,48.9,1607.76953125,
2.8316874504089355,48.9,1607.76953125,
2.9326281547546387,48.9,1607.76953125,
3.0330584049224854,48.9,1607.76953125,
3.133833885192871,48.9,1607.76953125,
3.2345669269561768,48.9,1607.76953125,
3.335344076156616,48.9,1607.76953125,
3.4362545013427734,48.9,1607.76953125,
3.536994457244873,48.9,1607.76953125,
3.638216972351074,48.9,1607.76953125,
3.7393932342529297,48.9,1607.76953125,
3.8405685424804688,48.9,1607.76953125,
3.9409549236297607,48.9,1607.76953125,
4.0416224002838135,48.9,1607.76953125,
4.142614126205444,48.9,1607.76953125,
4.243605136871338,48.9,1607.76953125,
4.344194173812866,48.9,1607.76953125,
4.445231199264526,48.9,1607.76953125,
4.546191215515137,48.9,1607.76953125,
4.646745681762695,48.9,1607.76953125,
4.747140407562256,48.9,1607.76953125,
4.84789252281189,48.9,1607.76953125,
4.949358701705933,48.9,1607.76953125,
5.050750732421875,48.9,1607.76953125,
5.151904821395874,48.9,1607.76953125,
5.252829074859619,48.9,1607.76953125,
5.354116678237915,48.9,1607.76953125,
5.455418825149536,48.9,1607.76953125,
5.556434631347656,48.9,1607.76953125,
5.657555818557739,48.9,1607.76953125,
5.75856876373291,48.9,1607.76953125,
5.859986782073975,48.9,1607.76953125,
5.960995674133301,48.9,1607.76953125,
6.062127590179443,48.9,1607.76953125,
6.163233041763306,48.9,1607.76953125,
6.264414548873901,48.9,1607.76953125,
6.365297079086304,48.9,1607.76953125,
6.466355562210083,48.9,1607.76953125,
6.567307710647583,48.9,1607.76953125,
6.668386220932007,48.9,1607.76953125,
6.769527912139893,48.9,1607.76953125,
6.870597839355469,48.9,1607.76953125,
6.971456527709961,48.9,1607.76953125,
7.07250189781189,48.9,1607.76953125,
7.17357325553894,48.9,1607.76953125,
7.274618625640869,48.9,1607.76953125,
7.375639200210571,48.9,1607.76953125,
7.476600408554077,48.9,1607.76953125,
7.5778703689575195,48.9,1607.76953125,
7.6788249015808105,48.9,1607.76953125,
7.779472589492798,48.9,1607.76953125,
7.880194664001465,48.9,1607.76953125,
7.980940580368042,48.9,1607.76953125,
8.08236813545227,48.9,1607.76953125,
8.183840036392212,48.9,1607.76953125,
8.285114049911499,48.9,1607.76953125,
8.386056423187256,48.9,1607.76953125,
8.486741542816162,48.9,1607.76953125,
8.58743667602539,48.9,1607.76953125,
8.68829870223999,48.9,1607.76953125,
8.789410829544067,48.9,1607.76953125,
8.890328884124756,48.9,1607.76953125,
8.99088168144226,48.9,1607.76953125,
9.09178900718689,48.9,1607.76953125,
9.192951679229736,48.9,1607.76953125,
9.293547868728638,48.9,1607.76953125,
9.394482374191284,48.9,1607.76953125,
9.495232105255127,48.9,1607.76953125,
9.59638524055481,48.9,1607.76953125,
9.697399616241455,48.9,1607.76953125,
9.79795217514038,48.9,1607.76953125,
9.898713111877441,48.9,1607.76953125,
9.99980115890503,48.9,1607.76953125,
10.10046100616455,48.9,1607.76953125,
10.201104402542114,48.9,1607.76953125,
10.301985025405884,48.9,1607.76953125,
10.402404308319092,48.9,1607.76953125,
10.503164052963257,48.9,1607.76953125,
10.603971004486084,48.9,1607.76953125,
10.704725980758667,48.9,1607.76953125,
10.805365324020386,48.9,1607.76953125,
10.90609359741211,48.9,1607.76953125,
11.007192611694336,48.9,1607.76953125,
11.107928276062012,48.9,1607.76953125,
11.208670377731323,48.9,1607.76953125,
11.309655904769897,48.9,1607.76953125,
11.410207509994507,48.9,1607.76953125,
11.511024475097656,48.9,1607.76953125,
11.612201929092407,48.9,1607.76953125,
11.713443994522095,48.9,1607.76953125,
11.814305305480957,48.9,1607.76953125,
11.914944410324097,48.9,1607.76953125,
12.015912055969238,48.9,1607.76953125,
12.117300748825073,48.9,1607.76953125,
12.218071460723877,48.9,1607.76953125,
12.318817853927612,48.9,1607.76953125,
12.419307947158813,48.9,1607.76953125,
12.520056009292603,48.9,1607.76953125,
12.620759963989258,48.9,1607.76953125,
12.721974849700928,48.9,1607.76953125,
12.823252439498901,48.9,1607.76953125,
12.924307584762573,48.9,1607.76953125,
13.025071382522583,48.9,1607.76953125,
13.125793933868408,48.9,1607.76953125,
13.226242303848267,48.9,1607.76953125,
13.327407121658325,48.9,1607.76953125,
13.428696870803833,48.9,1607.76953125,
13.529573202133179,48.9,1607.76953125,
13.630849838256836,48.9,1607.76953125,
13.731794118881226,48.9,1607.76953125,
13.832754850387573,48.9,1607.76953125,
13.934240818023682,48.9,1607.76953125,
14.035135507583618,48.9,1607.76953125,
14.136083602905273,48.9,1607.76953125,
14.237362384796143,48.9,1607.76953125,
14.33816647529602,48.9,1607.76953125,
14.439499616622925,48.9,1607.76953125,
14.54072380065918,48.9,1607.76953125,
14.64146614074707,48.9,1607.76953125,
14.742278337478638,48.9,1607.76953125,
14.843142747879028,48.9,1607.76953125,
14.944526195526123,48.9,1607.76953125,
15.045244693756104,48.9,1607.76953125,
15.14651870727539,48.9,1607.76953125,
15.247494220733643,48.9,1607.76953125,
15.348256349563599,48.9,1607.76953125,
15.449068307876587,48.9,1607.76953125,
15.550347328186035,48.9,1607.76953125,
15.65087103843689,48.9,1607.76953125,
15.75161361694336,48.9,1607.76953125,
15.852302074432373,48.9,1607.76953125,
15.952774047851562,48.9,1607.76953125,
16.0532329082489,48.9,1607.76953125,
16.153974533081055,48.9,1607.76953125,
16.2551429271698,48.9,1607.76953125,
16.355859756469727,48.9,1607.76953125,
16.456862688064575,48.9,1607.76953125,
16.55745506286621,48.9,1607.76953125,
16.65847420692444,48.9,1607.76953125,
16.759292602539062,48.9,1607.76953125,
16.860342025756836,48.9,1607.76953125,
16.960988521575928,48.9,1607.76953125,
17.061779737472534,48.9,1607.76953125,
17.16276502609253,48.9,1607.76953125,
17.263612985610962,48.9,1607.76953125,
17.36444115638733,48.9,1607.76953125,
17.46541404724121,48.9,1607.76953125,
17.566585779190063,48.9,1607.76953125,
17.66756582260132,48.9,1607.76953125,
17.76882243156433,48.9,1607.76953125,
17.870287895202637,48.9,1607.76953125,
17.97121024131775,48.9,1607.76953125,
18.072489023208618,48.9,1607.76953125,
18.173426151275635,48.9,1607.76953125,
18.274502992630005,48.9,1607.76953125,
18.375680208206177,48.9,1607.76953125,
18.476467847824097,48.9,1607.76953125,
18.577411651611328,48.9,1607.76953125,
18.67788338661194,48.9,1607.76953125,
18.77899956703186,48.9,1607.76953125,
18.88004732131958,48.9,1607.76953125,
18.980676889419556,48.9,1607.76953125,
19.081979990005493,48.9,1607.76953125,
19.183220624923706,48.9,1607.76953125,
19.28417420387268,48.9,1607.76953125,
19.385128021240234,48.9,1607.76953125,
19.48584008216858,48.9,1607.76953125,
19.586710691452026,48.9,1607.76953125,
19.687551975250244,48.9,1607.76953125,
19.788429975509644,48.9,1607.76953125,
19.889347076416016,48.9,1607.76953125,
19.98993706703186,48.9,1607.76953125,
20.090710163116455,48.9,1607.76953125,
20.19127082824707,48.9,1607.76953125,
20.29223132133484,48.9,1607.76953125,
20.393105268478394,48.9,1607.76953125,
20.493797779083252,48.9,1607.76953125,
20.594514846801758,48.9,1607.76953125,
20.69541072845459,48.9,1607.76953125,
20.796159029006958,48.9,1607.76953125,
20.897101402282715,48.9,1607.76953125,
20.998103857040405,48.9,1607.76953125,
21.09877109527588,48.9,1607.76953125,
21.199676990509033,48.9,1607.76953125,
21.300190210342407,48.9,1607.76953125,
21.40117645263672,48.9,1607.76953125,
21.50184726715088,48.9,1607.76953125,
21.60242986679077,48.9,1607.76953125,
21.70302176475525,48.9,1607.76953125,
21.803892850875854,48.9,1607.76953125,
21.905085802078247,48.9,1607.76953125,
22.006211757659912,48.9,1607.76953125,
22.107053995132446,48.9,1607.76953125,
22.207607984542847,48.9,1607.76953125,
22.30810546875,48.9,1607.76953125,
22.409210205078125,48.9,1607.76953125,
22.509966611862183,48.9,1607.76953125,
22.610548734664917,48.9,1607.76953125,
22.711705684661865,48.9,1607.76953125,
22.81284236907959,48.9,1607.76953125,
22.913639783859253,48.9,1607.76953125,
23.014333963394165,48.9,1607.76953125,
23.115179777145386,48.9,1607.76953125,
23.21601128578186,48.9,1607.76953125,
23.316553831100464,48.9,1607.76953125,
23.41747260093689,48.9,1607.76953125,
23.51862144470215,48.9,1607.76953125,
23.619765043258667,48.9,1607.76953125,
23.7207453250885,48.9,1607.76953125,
23.82174777984619,48.9,1607.76953125,
23.92280888557434,48.9,1607.76953125,
24.024057149887085,48.9,1607.76953125,
24.125345945358276,48.9,1607.76953125,
24.226353406906128,48.9,1607.76953125,
24.327302932739258,48.9,1607.76953125,
24.427688360214233,48.9,1607.76953125,
24.528148889541626,48.9,1607.76953125,
24.62913727760315,48.9,1607.76953125,
24.729978799819946,48.9,1607.76953125,
24.830958127975464,48.9,1607.76953125,
24.93136167526245,48.9,1607.76953125,
25.032392024993896,48.9,1607.76953125,
25.133410215377808,48.9,1607.76953125,
25.233863592147827,48.9,1607.76953125,
25.334947109222412,48.9,1607.76953125,
25.435917615890503,48.9,1607.76953125,
25.536527633666992,48.9,1607.76953125,
25.636955738067627,48.9,1607.76953125,
25.7382709980011,48.9,1607.76953125,
25.83926224708557,48.9,1607.76953125,
25.940279960632324,48.9,1607.76953125,
26.04133415222168,48.9,1607.76953125,
26.14241361618042,48.9,1607.76953125,
26.243420600891113,48.9,1607.76015625,
26.344440460205078,48.92,1608.34609375,
26.355276107788086,48.94,1608.93203125,SAT
26.44551920890808,48.96,1609.51796875,SAT
26.546541452407837,48.980000000000004,1610.10390625,SAT
26.647558212280273,49.0,1610.69921875,SAT
26.74857759475708,49.0,1610.69921875,SAT
26.849612712860107,49.0,1610.69921875,SAT
26.95059370994568,49.0,1610.69921875,SAT
27.051642179489136,49.0,1610.69921875,SAT
27.152668237686157,49.0,1610.70859375,SAT
27.253673553466797,49.0,1610.71796875,SAT
27.354350805282593,49.0,1610.72734375,SAT
27.455135583877563,49.0,1610.73671875,SAT
27.557567596435547,49.0,1610.74609375,SAT
27.65818953514099,49.019999999999996,1612.11796875,SAT
27.759214639663696,49.04,1613.48984375,SAT
27.86021065711975,49.059999999999995,1614.86171875,SAT
27.96121382713318,49.08,1616.23359375,SAT
28.06225872039795,49.1,1617.60390625,SAT
28.16329860687256,49.1,1617.60234375,SAT
28.264352798461914,49.1,1617.60078125,SAT
28.36540961265564,49.1,1617.59921875,SAT
28.466404676437378,49.1,1617.59765625,SAT
28.567510843276978,49.1,1617.59765625,SAT
28.668484449386597,49.1,1617.59765625,SAT
28.769534826278687,49.1,1617.59765625,SAT
28.870636463165283,49.1,1617.59765625,SAT
28.97161102294922,49.1,1617.59765625,SAT
29.072762727737427,49.1,1617.59765625,SAT
29.173871278762817,49.1,1617.59765625,SAT
29.274919509887695,49.1,1617.59765625,SAT
29.375925540924072,49.1,1617.59765625,SAT
29.476897716522217,49.1,1617.59765625,SAT
29.577980756759644,49.1,1617.59765625,SAT
29.678980350494385,49.1,1617.59765625,SAT
29.780043125152588,49.1,1617.59765625,SAT
29.881017684936523,49.1,1617.59765625,SAT
29.98200035095215,49.1,1617.59765625,SAT
30.08305788040161,49.1,1617.16796875,SAT
30.184061765670776,49.1,1616.73828125,SAT
30.230881452560425,49.1,1616.296875,SAT
30.285107851028442,49.1,1615.85546875,
30.386121034622192,49.1,1615.4140625,
30.4875431060791,49.1,1615.40234375,
30.5886070728302,49.1,1615.390625,
30.689598083496094,49.1,1615.390625,
30.790616512298584,49.06,1614.39453125,
30.89164924621582,49.02,1613.3984375,
30.992698907852173,48.980000000000004,1612.40234375,
31.093749523162842,48.940000000000005,1611.40625,
31.19476556777954,48.9,1610.41015625,
31.295753479003906,48.9,1610.41015625,
31.396836042404175,48.9,1610.3328125,
31.497907400131226,48.98,1613.08125,
31.50083875656128,49.06,1615.928125,correlation_standard
31.598877906799316,49.14,1618.82421875,correlation_standard
31.699880838394165,49.220000000000006,1621.76953125,correlation_standard
31.800902843475342,49.3,1624.84140625,correlation_standard
31.901989698410034,49.3,1625.13671875,correlation_standard
32.003029346466064,49.3,1625.3828125,correlation_standard
32.104021072387695,49.3,1625.62890625,correlation_standard
32.2050518989563,49.32,1625.875,correlation_standard
32.30611610412598,49.339999999999996,1626.12109375,correlation_standard
32.40715050697327,49.36,1626.3671875,correlation_standard
32.50812005996704,49.38,1626.61328125,correlation_standard
32.60917377471924,49.4,1626.859375,correlation_standard
32.710196018218994,49.4,1627.10546875,correlation_standard
32.81121039390564,49.4,1627.3515625,correlation_standard
32.91224384307861,49.4,1627.5484375,correlation_standard
33.01329588890076,49.4,1627.69609375,correlation_standard
33.114314556121826,49.4,1627.79453125,correlation_standard
33.21532845497131,49.3,1624.36796875,correlation_standard
33.31613755226135,49.2,1620.8921875,correlation_standard
33.409796476364136,49.1,1617.40234375,correlation_standard
33.41737198829651,49.0,1613.9125,
33.51844573020935,48.9,1610.42265625,
33.61937642097473,48.9,1610.40859375,
33.720417976379395,48.9,1610.39453125,
33.82147789001465,48.9,1610.3421875,
33.922470808029175,48.94,1611.8546875,
33.999441623687744,48.98,1613.3671875,gramschmidt_standard
34.02350425720215,49.019999999999996,1614.8796875,gramschmidt_standard
34.124491691589355,49.059999999999995,1616.39921875,gramschmidt_standard
34.22552943229675,49.1,1617.97109375,gramschmidt_standard
34.32655906677246,49.1,1617.978125,gramschmidt_standard
34.42757177352905,49.06,1616.32734375,gramschmidt_standard
34.528635025024414,49.02,1614.65625,gramschmidt_standard
34.56415557861328,48.980000000000004,1612.978125,gramschmidt_standard
34.62964057922363,48.940000000000005,1611.3,
34.73064589500427,48.9,1609.621875,
34.83194327354431,48.9,1609.6015625,
34.93270945549011,48.9,1609.6015625,
35.033790826797485,48.9,1609.6015625,
35.13482427597046,48.9,1609.6015625,
35.23585748672485,48.9,1609.6015625,
35.33681344985962,48.9,1609.6015625,
35.43784213066101,48.9,1609.6015625,
35.53892731666565,48.9,1609.6015625,
35.63992214202881,48.9,1609.6015625,
35.7409303188324,48.9,1609.6015625,
35.84200191497803,48.9,1609.6015625,
35.94302296638489,48.9,1609.6171875,
36.04425001144409,48.9,1609.7140625,
36.142418384552,49.08,1616.5046875,lu_large
36.14498257637024,49.260000000000005,1623.3078125,lu_large
36.246031045913696,49.44,1630.1109375,lu_large
36.34706401824951,49.620000000000005,1636.8984375,lu_large
36.448028326034546,49.8,1643.6046875,lu_large
36.54904341697693,49.8,1643.6171875,lu_large
36.65014433860779,49.8,1643.6171875,lu_large
36.75116443634033,49.8,1643.6171875,lu_large
36.85219860076904,49.8,1643.6171875,lu_large
36.953224658966064,49.8,1643.6171875,lu_large
37.05428075790405,49.8,1643.6171875,lu_large
37.155306339263916,49.8,1643.6171875,lu_large
37.25633120536804,49.8,1643.6171875,lu_large
37.35736703872681,49.8,1643.6171875,lu_large
37.45837044715881,49.8,1643.6171875,lu_large
37.55940628051758,49.8,1643.6171875,lu_large
37.66042923927307,49.8,1643.6171875,lu_large
37.76143431663513,49.8,1643.6171875,lu_large
37.862441301345825,49.82,1644.41875,lu_large
37.96364498138428,49.86,1645.86328125,lu_large
38.06450796127319,49.9,1647.3078125,lu_large
38.16553711891174,49.94,1648.75234375,lu_large
38.26655340194702,49.980000000000004,1650.196875,lu_large
38.36764883995056,50.0,1650.83984375,lu_large
38.46865940093994,50.0,1650.83984375,lu_large
38.569703102111816,50.0,1650.83984375,lu_large
38.670698404312134,50.0,1650.83984375,lu_large
38.771769523620605,50.0,1650.83984375,lu_large
38.87284541130066,50.0,1650.83984375,lu_large
38.97378134727478,50.0,1650.83984375,lu_large
39.07477140426636,50.0,1650.83984375,lu_large
39.175792932510376,50.0,1650.83984375,lu_large
39.276816606521606,50.0,1650.83984375,lu_large
39.377864837646484,50.0,1650.83984375,lu_large
39.47891306877136,50.0,1650.83984375,lu_large
39.579880714416504,50.0,1650.83984375,lu_large
39.68090534210205,50.0,1650.83984375,lu_large
39.78199362754822,50.0,1650.83984375,lu_large
39.882946252822876,50.0,1650.83984375,lu_large
39.98397970199585,50.0,1650.83984375,lu_large
40.08500075340271,50.0,1650.83984375,lu_large
40.1860237121582,50.0,1650.83828125,lu_large
40.2870454788208,50.0,1650.83671875,lu_large
40.38807535171509,50.0,1650.83515625,lu_large
40.489086866378784,50.0,1650.83359375,lu_large
40.590121269226074,50.0,1650.83203125,lu_large
40.69115352630615,50.0,1650.83203125,lu_large
40.7921621799469,50.0,1650.83203125,lu_large
40.893184661865234,50.0,1650.83203125,lu_large
40.99426627159119,50.0,1650.83203125,lu_large
41.09536290168762,50.0,1650.83203125,lu_large
41.19638156890869,50.0,1650.83203125,lu_large
41.29736948013306,50.0,1650.83203125,lu_large
41.39838123321533,50.0,1650.83203125,lu_large
41.499449253082275,50.0,1650.83203125,lu_large
41.600446462631226,50.0,1650.83203125,lu_large
41.701435565948486,50.0,1650.88125,lu_large
41.80245614051819,49.82,1644.3015625,lu_large
41.90347862243652,49.6,1635.94296875,lu_large
41.91208028793335,49.38,1627.584375,lu_large
42.00618124008179,49.160000000000004,1619.22578125,
42.10663175582886,48.940000000000005,1610.81796875,
42.207671880722046,48.9,1609.0046875,
42.30863118171692,48.9,1608.9703125,
42.40977215766907,48.9,1608.9359375,
42.51077365875244,48.9,1608.9171875,
42.61178922653198,48.92,1609.52109375,
42.659635066986084,48.94,1610.159375,dynprog_standard
42.712806940078735,48.96,1610.79765625,dynprog_standard
42.813817739486694,48.980000000000004,1611.4359375,dynprog_standard
42.91485667228699,49.0,1612.05859375,dynprog_standard
43.01587772369385,49.0,1612.05859375,dynprog_standard
43.11685228347778,48.980000000000004,1611.3390625,dynprog_standard
43.21789503097534,48.96,1610.60859375,dynprog_standard
43.22784376144409,48.940000000000005,1609.878125,dynprog_standard
43.318567514419556,48.92,1609.14765625,
43.42000603675842,48.9,1608.4171875,
43.521061182022095,48.9,1608.40625,
43.62205219268799,48.9,1608.40625,
43.72313690185547,48.9,1608.40625,
43.824134826660156,48.9,1608.40625,
43.92515993118286,48.9,1608.40625,
44.026222467422485,48.9,1608.40625,
44.12718391418457,48.92,1608.94609375,
44.16278266906738,48.94,1609.48515625,mengtekaluo
44.22814655303955,48.96,1610.02421875,mengtekaluo
44.32968711853027,48.980000000000004,1610.56328125,mengtekaluo
44.430323123931885,49.0,1611.10234375,mengtekaluo
44.531349420547485,49.0,1611.1015625,mengtekaluo
44.632362365722656,49.0,1611.1015625,mengtekaluo
44.73339653015137,49.0,1611.1015625,mengtekaluo
44.83443093299866,49.0,1611.1015625,mengtekaluo
44.93555498123169,49.0,1611.1015625,mengtekaluo
45.03657603263855,49.0,1611.1015625,mengtekaluo
45.13759660720825,49.0,1611.1015625,mengtekaluo
45.238585233688354,49.0,1611.1015625,mengtekaluo
45.33966946601868,49.0,1611.1015625,mengtekaluo
45.4406304359436,49.0,1611.1015625,mengtekaluo
45.5416054725647,49.0,1611.1015625,mengtekaluo
45.642669439315796,49.0,1611.1015625,mengtekaluo
45.743688106536865,49.0,1611.1015625,mengtekaluo
45.844722270965576,49.0,1611.1015625,mengtekaluo
45.94575500488281,49.0,1611.1015625,mengtekaluo
46.04679727554321,49.0,1611.1015625,mengtekaluo
46.14783835411072,49.0,1611.1015625,mengtekaluo
46.2488579750061,49.0,1611.1015625,mengtekaluo
46.349873065948486,49.0,1611.1015625,mengtekaluo
46.45096397399902,49.0,1611.1015625,mengtekaluo
46.55197739601135,49.0,1611.1015625,mengtekaluo
46.652991771698,49.0,1611.1015625,mengtekaluo
46.75402760505676,49.0,1611.1015625,mengtekaluo
46.855040073394775,49.0,1611.1015625,mengtekaluo
46.956058740615845,49.0,1611.1015625,mengtekaluo
47.057106256484985,49.0,1611.1015625,mengtekaluo
47.15814733505249,49.0,1611.1015625,mengtekaluo
47.259241580963135,49.0,1611.1015625,mengtekaluo
47.36025929450989,49.0,1611.1,mengtekaluo
47.46132278442383,49.0,1611.0984375,mengtekaluo
47.56231069564819,49.0,1611.096875,mengtekaluo
47.6633939743042,49.0,1611.0953125,mengtekaluo
47.76378345489502,49.0,1611.09375,mengtekaluo
47.8644335269928,49.0,1611.09375,mengtekaluo
47.965471029281616,49.0,1611.09375,mengtekaluo
48.06593132019043,49.0,1611.09375,mengtekaluo
48.16650605201721,49.0,1611.09375,mengtekaluo
48.26752686500549,49.0,1611.09375,mengtekaluo
48.36854290962219,49.0,1611.09375,mengtekaluo
48.46957778930664,49.0,1611.09375,mengtekaluo
48.570576906204224,49.0,1611.09375,mengtekaluo
48.67161297798157,49.0,1611.09375,mengtekaluo
48.77213096618652,49.0,1611.09375,mengtekaluo
48.872655391693115,49.0,1611.09375,mengtekaluo
48.973695278167725,49.0,1611.09375,mengtekaluo
49.07469820976257,49.0,1611.09375,mengtekaluo
49.17572474479675,49.0,1611.09375,mengtekaluo
49.276748180389404,49.0,1611.09375,mengtekaluo
49.37777519226074,49.0,1611.09375,mengtekaluo
49.47879409790039,49.0,1611.09375,mengtekaluo
49.579813718795776,49.0,1611.09375,mengtekaluo
49.68083882331848,49.0,1611.09375,mengtekaluo
49.7818648815155,49.0,1611.09375,mengtekaluo
49.88287568092346,49.0,1611.09375,mengtekaluo
49.983893632888794,49.0,1611.09375,mengtekaluo
50.08492612838745,49.0,1611.09375,mengtekaluo
50.18595218658447,49.0,1611.09375,mengtekaluo
50.28695774078369,49.0,1611.09375,mengtekaluo
50.38797068595886,49.0,1611.09375,mengtekaluo
50.48899722099304,49.0,1611.09375,mengtekaluo
50.590017557144165,49.0,1611.09375,mengtekaluo
50.69104290008545,49.0,1611.09375,mengtekaluo
50.79207754135132,49.0,1611.09375,mengtekaluo
50.89309525489807,49.0,1611.09375,mengtekaluo
50.99409890174866,49.0,1611.09375,mengtekaluo
51.09511613845825,49.0,1611.09375,mengtekaluo
51.19613337516785,49.0,1611.09375,mengtekaluo
51.29716229438782,49.0,1611.09375,mengtekaluo
51.39819693565369,49.0,1611.09375,mengtekaluo
51.49920415878296,49.0,1611.09375,mengtekaluo
51.60022807121277,49.0,1611.09375,mengtekaluo
51.70125198364258,49.0,1611.09375,mengtekaluo
51.80227303504944,49.0,1611.09375,mengtekaluo
51.90329551696777,49.0,1611.09375,mengtekaluo
52.004321813583374,49.0,1611.09375,mengtekaluo
52.10535025596619,49.0,1611.09375,mengtekaluo
52.20636224746704,49.0,1611.09375,mengtekaluo
52.30738091468811,49.0,1611.09375,mengtekaluo
52.40841054916382,49.0,1611.09375,mengtekaluo
52.509438037872314,49.0,1611.09375,mengtekaluo
52.61044669151306,49.0,1611.09375,mengtekaluo
52.71147608757019,49.0,1611.09375,mengtekaluo
52.812490701675415,49.0,1611.09375,mengtekaluo
52.913564682006836,49.0,1611.09375,mengtekaluo
53.01491713523865,49.0,1611.09375,mengtekaluo
53.115559101104736,49.0,1611.09375,mengtekaluo
53.21658420562744,49.0,1611.09375,mengtekaluo
53.317610025405884,49.0,1611.09375,mengtekaluo
53.41862726211548,48.980000000000004,1610.5078125,mengtekaluo
53.5196418762207,48.96,1609.91328125,mengtekaluo
53.56777024269104,48.940000000000005,1609.31875,mengtekaluo
53.62076425552368,48.92,1608.72421875,
53.72182893753052,48.9,1608.1296875,
53.822805881500244,48.9,1608.12109375,
53.92386221885681,48.9,1608.12109375,
54.024853467941284,48.9,1608.12109375,
54.12587809562683,48.9,1608.12109375,
54.226948738098145,48.9,1608.12109375,
54.32791519165039,48.9,1608.12109375,
54.42898941040039,48.9,1608.12109375,
54.53001093864441,48.9,1608.12109375,
54.63097310066223,48.9,1608.12109375,
54.73197674751282,48.9,1608.12109375,
54.83301329612732,48.9,1608.12109375,
54.93406343460083,48.9,1608.12109375,
55.03509020805359,48.9,1608.12109375,
55.13611197471619,48.9,1608.12109375,
55.23716974258423,48.9,1608.12109375,
55.33814597129822,48.9,1608.12109375,
55.43918466567993,48.9,1608.12109375,
55.54017949104309,48.9,1608.12109375,
55.64125347137451,48.9,1608.12109375,
55.742286920547485,48.9,1608.12109375,
55.84339261054993,48.9,1608.12109375,
55.94440722465515,48.9,1608.12109375,
56.045374393463135,48.9,1608.12109375,
56.14646601676941,48.9,1608.12109375,
56.24745440483093,48.9,1608.12109375,
56.34852051734924,48.9,1608.12109375,
56.449627161026,48.9,1608.12109375,
56.55056381225586,48.9,1608.12109375,
56.65161085128784,48.9,1608.12109375,
56.75269865989685,48.9,1608.12109375,
56.85364007949829,48.9,1608.12109375,
56.954736948013306,48.9,1608.12109375,
57.055697441101074,48.9,1608.12109375,
57.156737327575684,48.9,1608.12109375,
57.257314682006836,48.9,1608.12109375,
57.358407974243164,48.9,1608.12109375,
57.45935821533203,48.9,1608.12109375,
57.56042003631592,48.9,1608.12109375,
57.66148257255554,48.9,1608.12109375,
57.762497901916504,48.9,1608.12109375,
57.8635151386261,48.9,1608.12109375,
57.96449899673462,48.9,1608.12109375,
58.06553268432617,48.9,1608.12109375,
58.16658973693848,48.9,1608.12109375,
58.26761531829834,48.9,1608.12109375,
58.36863684654236,48.9,1608.12109375,
58.46974778175354,48.9,1608.12109375,
58.570637464523315,48.9,1608.12109375,
58.67170596122742,48.9,1608.12109375,
58.772719621658325,48.9,1608.12109375,
58.87379431724548,48.9,1608.12109375,
58.974785804748535,48.9,1608.12109375,
59.07577562332153,48.9,1608.12109375,
59.176828384399414,48.9,1608.11953125,
59.27805161476135,48.9,1608.11796875,
59.37893080711365,48.9,1608.11640625,
59.48004412651062,48.9,1608.11484375,
59.58066725730896,48.9,1608.11328125,
59.68206739425659,48.9,1608.11328125,
59.78344750404358,48.9,1608.11328125,
59.88473129272461,48.9,1608.11328125,
59.98601937294006,48.9,1608.11328125,
60.08725714683533,48.9,1608.11328125,
60.18818926811218,48.9,1608.11328125,
60.28929853439331,48.9,1608.11328125,
60.390262603759766,48.9,1608.11328125,
60.491244077682495,48.9,1608.11328125,
60.59238028526306,48.9,1608.11328125,
60.69344925880432,48.9,1608.11328125,
60.79445290565491,48.9,1608.11328125,
60.89552164077759,48.9,1608.11328125,
60.99649143218994,48.9,1608.11328125,
61.09754538536072,48.9,1608.11328125,
61.1986038684845,48.9,1608.11328125,
61.2995707988739,48.9,1608.11328125,
61.400675535202026,48.9,1608.11328125,
61.501672983169556,48.9,1608.11328125,
61.6027557849884,48.9,1608.11328125,
61.70374536514282,48.9,1608.11328125,
61.80477476119995,48.9,1608.11328125,
61.9058256149292,48.9,1608.11328125,
62.00674057006836,48.9,1608.11328125,
62.10792064666748,48.9,1608.11328125,
62.20881199836731,48.9,1608.11328125,
62.30995178222656,48.9,1608.11328125,
62.41097593307495,48.9,1608.11328125,
62.512032985687256,48.9,1608.11328125,
62.61308026313782,48.9,1608.11328125,
62.71432900428772,48.9,1608.11328125,
62.81514000892639,48.9,1608.11328125,
62.91617941856384,48.9,1608.11328125,
63.01752305030823,48.9,1608.11328125,
63.11820673942566,48.9,1608.11328125,
63.219194173812866,48.9,1608.11328125,
63.32026672363281,48.9,1608.11328125,
63.42126822471619,48.9,1608.11328125,
63.52225708961487,48.9,1608.11328125,
63.623321533203125,48.9,1608.11328125,
63.724292516708374,48.9,1608.11328125,
63.82532095909119,48.9,1608.11328125,
63.92643213272095,48.9,1608.11328125,
64.02734708786011,48.9,1608.11328125,
64.12841796875,48.9,1608.11328125,
64.23042345046997,48.9,1608.11328125,
64.33150029182434,48.9,1608.11328125,
64.43248295783997,48.9,1608.11328125,
64.53354287147522,48.9,1608.11328125,
64.63462948799133,48.9,1608.11328125,
64.7355899810791,48.9,1608.11328125,
64.836585521698,48.9,1608.11328125,
64.93761968612671,48.9,1608.11328125,
65.03867316246033,48.9,1608.11328125,
65.13972878456116,48.9,1608.11328125,
65.24079203605652,48.9,1608.11328125,
65.34178042411804,48.9,1608.11328125,
65.44275140762329,48.9,1608.11328125,
65.54376363754272,48.9,1608.11328125,
65.6448061466217,48.9,1608.11328125,
65.74575734138489,48.9,1608.11328125,
65.84682726860046,48.9,1608.11328125,
65.94786667823792,48.9,1608.11328125,
66.04890751838684,48.9,1608.11328125,
66.1498715877533,48.9,1608.11328125,
66.25098299980164,48.9,1608.11328125,
66.351881980896,48.9,1608.11328125,
66.45296454429626,48.9,1608.11328125,
66.55394554138184,48.9,1608.11328125,
66.65495085716248,48.9,1608.11328125,
66.75602221488953,48.9,1608.11328125,
66.8570499420166,48.9,1608.11328125,
66.95822787284851,48.9,1608.11328125,
67.05911087989807,48.9,1608.11328125,
67.16014289855957,48.9,1608.11328125,
67.2611792087555,48.9,1608.11328125,
67.36224460601807,48.9,1608.1125,
67.46319890022278,48.9,1608.11171875,
67.56431913375854,48.9,1608.1109375,
67.66678810119629,48.9,1608.11015625,
67.76733994483948,48.9,1608.109375,
67.86831259727478,48.9,1608.109375,
67.9693398475647,48.9,1608.109375,
68.07035684585571,48.9,1608.109375,
68.1713399887085,48.9,1608.109375,
68.27244734764099,48.9,1608.109375,
68.37342405319214,48.9,1608.109375,
68.47441983222961,48.9,1608.109375,
68.57556748390198,48.9,1608.109375,
68.67655277252197,48.9,1608.109375,
68.77749371528625,48.9,1608.109375,
68.87851619720459,48.9,1608.109375,
68.97960948944092,48.9,1608.109375,
69.0806212425232,48.9,1608.109375,
69.18164825439453,48.9,1608.109375,
69.2826178073883,48.9,1608.109375,
69.38365483283997,48.9,1608.109375,
69.4846887588501,48.9,1608.109375,
69.5858633518219,48.9,1608.109375,
69.68678522109985,48.9,1608.109375,
69.78780579566956,48.9,1608.109375,
69.88886499404907,48.9,1608.109375,
69.98991417884827,48.9,1608.109375,
70.09092903137207,48.9,1608.109375,
70.19189167022705,48.9,1608.109375,
70.29297637939453,48.9,1608.109375,
70.39395046234131,48.9,1608.109375,
70.49501299858093,48.9,1608.109375,
70.59606099128723,48.9,1608.109375,
70.69760751724243,48.9,1608.109375,
70.79863357543945,48.9,1608.109375,
70.89959812164307,48.9,1608.109375,
71.00066471099854,48.9,1608.109375,
71.10172820091248,48.9,1608.109375,
71.20269465446472,48.9,1608.109375,
71.3037679195404,48.9,1608.109375,
71.40483021736145,48.9,1608.109375,
71.50576901435852,48.9,1608.109375,
71.60682654380798,48.9,1608.109375,
71.70787286758423,48.9,1608.109375,
71.80882525444031,48.9,1608.109375,
71.90988636016846,48.9,1608.109375,
72.01088953018188,48.9,1608.109375,
72.11194825172424,48.9,1608.109375,
72.21292495727539,48.9,1608.109375,
72.31393146514893,48.9,1608.109375,
72.41505455970764,48.9,1608.109375,
72.51605677604675,48.9,1608.109375,
72.6171612739563,48.9,1608.109375,
72.71820950508118,48.9,1608.109375,
72.81919264793396,48.9,1608.109375,
72.9202971458435,48.9,1608.109375,
73.02144646644592,48.9,1608.109375,
73.12227821350098,48.9,1608.109375,
73.22329568862915,48.9,1608.109375,
73.32439684867859,48.9,1608.109375,
73.42536163330078,48.9,1608.109375,
73.52634739875793,48.9,1608.109375,
73.6273307800293,48.9,1608.109375,
73.72839379310608,48.9,1608.109375,
73.82951521873474,48.9,1608.109375,
73.93050765991211,48.9,1608.109375,
74.03157997131348,48.9,1608.109375,
74.13250803947449,48.9,1608.109375,
74.23360776901245,48.9,1608.109375,
74.33459615707397,48.9,1608.109375,
74.43569135665894,48.9,1608.109375,
74.53670716285706,48.9,1608.109375,
74.63776183128357,48.9,1608.109375,
74.7387535572052,48.9,1608.109375,
74.83977365493774,48.9,1608.109375,
74.94078993797302,48.9,1608.109375,
75.04180765151978,48.9,1608.109375,
75.14285826683044,48.9,1608.109375,
75.24397134780884,48.9,1608.109375,
75.34490442276001,48.9,1608.109375,
75.44595789909363,48.9,1608.109375,
75.54699802398682,48.9,1608.109375,
75.64803719520569,48.9,1608.109375,
75.74910473823547,48.9,1608.109375,
75.85014462471008,48.9,1608.109375,
75.951167345047,48.9,1608.109375,
76.05214476585388,48.9,1608.109375,
76.15324091911316,48.9,1608.109375,
76.25429511070251,48.9,1608.109375,
76.35526132583618,48.9,1608.109375,
76.4563238620758,48.9,1608.109375,
76.55736660957336,48.9,1608.109375,
76.65841937065125,48.9,1608.109375,
76.75937604904175,48.9,1608.109375,
76.86043763160706,48.9,1608.109375,
76.96149039268494,48.9,1608.109375,
77.06253123283386,48.9,1608.109375,
77.16358137130737,48.9,1608.109375,
77.26459193229675,48.9,1608.109375,
77.36559724807739,48.9,1608.109375,
77.46657752990723,48.9,1608.109375,
77.56763219833374,48.9,1608.109375,
77.66866898536682,48.9,1608.109375,
77.76962780952454,48.9,1608.109375,
77.8707115650177,48.9,1608.109375,
77.97178363800049,48.9,1608.109375,
78.07285952568054,48.9,1608.109375,
78.17391014099121,48.9,1608.109375,
78.27498745918274,48.9,1608.109375,
78.37578821182251,48.9,1608.109375,
78.47691869735718,48.9,1608.109375,
78.57791209220886,48.9,1608.109375,
78.67892861366272,48.9,1608.109375,
78.77992296218872,48.9,1608.109375,
78.88096928596497,48.9,1608.109375,
78.98200225830078,48.9,1608.109375,
79.08329725265503,48.9,1608.109375,
79.18434500694275,48.9,1608.109375,
79.28545999526978,48.9,1608.109375,
79.38641953468323,48.9,1608.109375,
79.48753690719604,48.9,1608.109375,
79.5885751247406,48.9,1608.109375,
79.68962264060974,48.9,1608.109375,
79.79064965248108,48.9,1608.109375,
79.89162421226501,48.9,1608.109375,
79.99270248413086,48.9,1608.109375,
80.09378981590271,48.9,1608.109375,
80.19475245475769,48.9,1608.109375,
80.29577326774597,48.9,1608.109375,
80.39688158035278,48.9,1608.109375,
80.49780774116516,48.9,1608.109375,
80.59885239601135,48.9,1608.109375,
80.69990825653076,48.9,1608.109375,
80.80092096328735,48.9,1608.109375,
80.9019501209259,48.9,1608.109375,
81.00297570228577,48.9,1608.109375,
81.10391044616699,48.9,1608.109375,
81.20508003234863,48.9,1608.109375,
81.30602145195007,48.9,1608.109375,
81.40710377693176,48.9,1608.109375,
81.5082266330719,48.9,1608.109375,
81.60908150672913,48.9,1608.109375,
81.71001887321472,48.9,1608.109375,
81.81102848052979,48.9,1608.109375,
81.91201853752136,48.9,1608.109375,
82.01308703422546,48.9,1608.109375,
82.11415672302246,48.9,1608.109375,
82.21517705917358,48.9,1608.109375,
82.31616282463074,48.9,1608.109375,
82.41718912124634,48.9,1608.109375,
82.51826357841492,48.9,1608.109375,
82.61929106712341,48.9,1608.109375,
82.72032499313354,48.9,1608.109375,
82.82131886482239,48.9,1608.109375,
82.9223575592041,48.9,1608.109375,
83.02370381355286,48.9,1608.109375,
83.12436962127686,48.9,1608.109375,
83.22537899017334,48.9,1608.109375,
83.32652354240417,48.9,1608.109375,
83.4275426864624,48.9,1608.109375,
83.52852940559387,48.9,1608.109375,
83.62957286834717,48.9,1608.109375,
83.73058319091797,48.9,1608.109375,
83.83158135414124,48.9,1608.109375,
83.93262815475464,48.9,1608.109375,
84.03366804122925,48.9,1608.109375,
84.13473653793335,48.9,1608.109375,
84.23567295074463,48.9,1608.109375,
84.33670163154602,48.9,1608.109375,
84.43773579597473,48.9,1608.109375,
84.54078555107117,48.9,1608.109375,
84.64178538322449,48.9,1608.109375,
84.74284291267395,48.9,1608.109375,
84.8440248966217,48.9,1608.109375,
84.9449143409729,48.9,1608.109375,
85.0459349155426,48.9,1608.109375,
85.14705753326416,48.9,1608.109375,
85.24804520606995,48.9,1608.109375,
85.34907865524292,48.9,1608.109375,
85.45009589195251,48.9,1608.109375,
85.55102682113647,48.9,1608.109375,
85.65211915969849,48.9,1608.109375,
85.7531898021698,48.9,1608.109375,
85.85419654846191,48.9,1608.109375,
85.955242395401,48.9,1608.109375,
86.05625915527344,48.9,1608.109375,
86.15734601020813,48.9,1608.109375,
86.2583520412445,48.9,1608.109375,
86.35931158065796,48.9,1608.109375,
86.46034908294678,48.9,1608.109375,
86.56136846542358,48.9,1608.109375,
86.66250514984131,48.9,1608.109375,
86.7634928226471,48.9,1608.109375,
86.86444020271301,48.9,1608.109375,
86.96545886993408,48.9,1608.109375,
87.06656575202942,48.9,1608.109375,
87.1675853729248,48.9,1608.109375,
87.26853561401367,48.9,1608.109375,
87.36952209472656,48.9,1608.109375,
87.47068047523499,48.9,1608.109375,
87.57173538208008,48.9,1608.109375,
87.6729736328125,48.9,1608.109375,
87.77473378181458,48.9,1608.109375,
87.87577724456787,48.9,1608.109375,
87.97680854797363,48.9,1608.109375,
88.07776856422424,48.9,1608.109375,
88.17880201339722,48.9,1608.109375,
88.27927112579346,48.9,1608.109375,
88.37992429733276,48.9,1608.109375,
88.48098731040955,48.9,1608.109375,
88.58202385902405,48.9,1608.109375,
88.68308115005493,48.9,1608.109375,
88.78401589393616,48.9,1608.109375,
88.88505411148071,48.9,1608.109375,
88.9861228466034,48.9,1608.109375,
89.08717846870422,48.9,1608.109375,
89.18818235397339,48.9,1608.109375,
89.28921818733215,48.9,1608.109375,
89.3899393081665,48.9,1608.109375,
89.49096274375916,48.9,1608.109375,
89.59197664260864,48.9,1608.109375,
89.69297933578491,48.9,1608.109375,
89.79393339157104,48.9,1608.109375,
89.8949966430664,48.9,1608.109375,
89.99614214897156,48.9,1608.109375,
90.09716868400574,48.9,1608.109375,
90.19815444946289,48.9,1608.109375,
90.29912042617798,48.9,1608.109375,
90.40013599395752,48.9,1608.109375,
90.50123047828674,48.9,1608.109375,
90.60225081443787,48.9,1608.109375,
90.70325088500977,48.9,1608.109375,
90.80433487892151,48.9,1608.109375,
90.90537071228027,48.9,1608.109375,
91.00638055801392,48.9,1608.109375,
91.10740494728088,48.9,1608.109375,
91.20840501785278,48.9,1608.109375,
91.3094470500946,48.9,1608.109375,
91.41051363945007,48.9,1608.109375,
91.51152515411377,48.9,1608.109375,
91.61258459091187,48.9,1608.109375,
91.71361708641052,48.9,1608.109375,
91.814688205719,48.9,1608.109375,
91.91567754745483,48.9,1608.109375,
92.01658511161804,48.9,1608.109375,
92.11769127845764,48.9,1608.109375,
92.2187328338623,48.9,1608.109375,
92.31977200508118,48.9,1608.109375,
92.42079448699951,48.9,1608.109375,
92.52181458473206,48.9,1608.109375,
92.62284207344055,48.9,1608.109375,
92.7238597869873,48.9,1608.109375,
92.82495713233948,48.9,1608.109375,
92.92601919174194,48.9,1608.109375,
93.02691316604614,48.9,1608.109375,
93.12803244590759,48.9,1608.109375,
93.22910404205322,48.9,1608.109375,
93.33013439178467,48.9,1608.109375,
93.4311637878418,48.9,1608.109375,
93.53215479850769,48.9,1608.109375,
93.633225440979,48.9,1608.109375,
93.73428010940552,48.9,1608.109375,
93.83533644676208,48.9,1608.109375,
93.93629956245422,48.9,1608.109375,
94.03736925125122,48.9,1608.109375,
94.13834118843079,48.9,1608.109375,
94.2393786907196,48.9,1608.109375,
94.3404233455658,48.9,1608.109375,
94.44148969650269,48.9,1608.109375,
94.54245042800903,48.9,1608.109375,
94.6435387134552,48.9,1608.109375,
94.74456572532654,48.9,1608.109375,
94.84561538696289,48.9,1608.109375,
94.94670867919922,48.9,1608.109375,
95.04770708084106,48.9,1608.109375,
95.14868354797363,48.9,1608.109375,
95.249685049057,48.9,1608.109375,
95.35070729255676,48.9,1608.109375,
95.45173621177673,48.9,1608.109375,
95.55282998085022,48.9,1608.109375,
95.65339350700378,48.9,1608.109375,
95.75446224212646,48.9,1608.109375,
95.85550379753113,48.9,1608.109375,
95.95647144317627,48.9,1608.109375,
96.05744910240173,48.9,1608.109375,
96.1585648059845,48.9,1608.109375,
96.25949954986572,48.9,1608.109375,
96.36064648628235,48.9,1608.109375,
96.46157217025757,48.9,1608.109375,
96.56259059906006,48.9,1608.109375,
96.66371655464172,48.9,1608.109375,
96.76500701904297,48.9,1608.109375,
96.86638855934143,48.9,1608.109375,
96.96736264228821,48.9,1608.109375,
97.06824231147766,48.9,1608.109375,
97.16891741752625,48.9,1608.109375,
97.269855260849,48.9,1608.109375,
97.37096571922302,48.9,1608.109375,
97.47190499305725,48.9,1608.109375,
97.5730049610138,48.9,1608.109375,
97.67409801483154,48.9,1608.109375,
97.77497458457947,48.9,1608.109375,
97.87607741355896,48.9,1608.109375,
97.97708821296692,48.9,1608.109375,
98.07804369926453,48.9,1608.109375,
98.17909789085388,48.9,1608.109375,
98.28015208244324,48.9,1608.109375,
98.38123154640198,48.9,1608.109375,
98.4822723865509,48.9,1608.109375,
98.58327507972717,48.9,1608.109375,
98.6842257976532,48.9,1608.109375,
98.78526949882507,48.9,1608.109375,
98.88633823394775,48.9,1608.109375,
98.98728585243225,48.9,1608.109375,
99.08783650398254,48.9,1608.109375,
99.18839955329895,48.9,1608.109375,
99.28939962387085,48.9,1608.109375,
99.39050078392029,48.9,1608.109375,
99.49141931533813,48.9,1608.109375,
99.59250569343567,48.9,1608.109375,
99.69357228279114,48.9,1608.109375,
99.79459714889526,48.9,1608.109375,
99.89562320709229,48.9,1608.109375,
99.99668216705322,48.9,1608.109375,
100.09772062301636,48.9,1608.109375,
100.19876384735107,48.9,1608.109375,
100.29973673820496,48.9,1608.109375,
100.40086030960083,48.9,1608.109375,
100.50191378593445,48.9,1608.109375,
100.60294342041016,48.9,1608.109375,
100.70394945144653,48.9,1608.109375,
100.80499982833862,48.9,1608.109375,
100.90600752830505,48.9,1608.109375,
101.00701093673706,48.9,1608.109375,
101.1081178188324,48.9,1608.109375,
101.20907020568848,48.9,1608.109375,
101.31012034416199,48.9,1608.109375,
101.41122150421143,48.9,1608.109375,
101.51213049888611,48.9,1608.109375,
101.6132481098175,48.9,1608.109375,
101.71441721916199,48.9,1608.109375,
101.81537985801697,48.9,1608.109375,
101.91614246368408,48.9,1608.109375,
102.01729965209961,48.9,1608.109375,
102.1179130077362,48.9,1608.109375,
102.21859097480774,48.9,1608.109375,
102.31952428817749,48.9,1608.109375,
102.42087602615356,48.9,1608.109375,
102.52175831794739,48.9,1608.109375,
102.6228928565979,48.9,1608.109375,
102.72395515441895,48.9,1608.109375,
102.82498455047607,48.9,1608.109375,
102.92609119415283,48.9,1608.109375,
103.02698087692261,48.9,1608.109375,
103.12800240516663,48.9,1608.109375,
103.22908687591553,48.9,1608.109375,
103.33005428314209,48.9,1608.109375,
103.43056797981262,48.9,1608.109375,
103.53154444694519,48.9,1608.109375,
103.63258838653564,48.9,1608.109375,
103.73350954055786,48.9,1608.109375,
103.83455681800842,48.9,1608.109375,
103.93557810783386,48.9,1608.109375,
104.03658151626587,48.9,1608.109375,
104.13765454292297,48.9,1608.109375,
104.23867440223694,48.9,1608.109375,
104.33967709541321,48.9,1608.109375,
104.44074010848999,48.9,1608.109375,
104.54174423217773,48.9,1608.109375,
104.64279270172119,48.9,1608.109375,
104.74379110336304,48.9,1608.109375,
104.84481358528137,48.9,1608.109375,
104.94577813148499,48.9,1608.109375,
105.04689121246338,48.9,1608.109375,
105.14786267280579,48.9,1608.109375,
105.24891376495361,48.9,1608.109375,
105.34989809989929,48.9,1608.109375,
105.45095181465149,48.9,1608.109375,
105.5519859790802,48.9,1608.109375,
105.65355896949768,48.9,1608.109375,
105.75451755523682,48.9,1608.109375,
105.85538125038147,48.9,1608.109375,
105.95637798309326,48.9,1608.109375,
106.057443857193,48.9,1608.109375,
106.15857315063477,48.9,1608.109375,
106.25947785377502,48.9,1608.109375,
106.36049342155457,48.9,1608.109375,
106.4615089893341,48.9,1608.109375,
106.56251168251038,48.9,1608.109375,
106.66351628303528,48.9,1608.109375,
106.76455092430115,48.9,1608.109375,
106.86558628082275,48.9,1608.109375,
106.96657967567444,48.9,1608.109375,
107.06763362884521,48.9,1608.109375,
107.16865825653076,48.9,1608.109375,
107.26962971687317,48.9,1608.109375,
107.37068557739258,48.9,1608.109375,
107.47170925140381,48.9,1608.109375,
107.57273936271667,48.9,1608.109375,
107.67379379272461,48.9,1608.109375,
107.7747757434845,48.9,1608.109375,
107.87579989433289,48.9,1608.109375,
107.97679018974304,48.9,1608.109375,
108.07784342765808,48.9,1608.109375,
108.17886853218079,48.9,1608.109375,
108.27986550331116,48.9,1608.109375,
108.380863904953,48.9,1608.109375,
108.48192763328552,48.9,1608.109375,
108.58295130729675,48.9,1608.109375,
108.68403625488281,48.9,1608.109375,
108.78499722480774,48.9,1608.109375,
108.88646268844604,48.9,1608.109375,
108.98805022239685,48.9,1608.109375,
109.08913660049438,48.9,1608.109375,
109.19009137153625,48.9,1608.109375,
109.29110836982727,48.9,1608.109375,
109.39242005348206,48.9,1608.109375,
109.4931435585022,48.9,1608.109375,
109.59417057037354,48.9,1608.109375,
109.69518613815308,48.9,1608.109375,
109.79622030258179,48.9,1608.109375,
109.8972430229187,48.9,1608.109375,
109.99825716018677,48.9,1608.109375,
110.09932255744934,48.9,1608.109375,
110.20036792755127,48.9,1608.109375,
110.30132126808167,48.9,1608.109375,
110.40242576599121,48.9,1608.109375,
110.50337171554565,48.9,1608.109375,
110.60439229011536,48.9,1608.109375,
110.70538306236267,48.9,1608.109375,
110.80643963813782,48.9,1608.109375,
110.90746784210205,48.9,1608.109375,
111.0084912776947,48.9,1608.109375,
111.10965728759766,48.9,1608.109375,
111.21053099632263,48.9,1608.109375,
111.31156516075134,48.9,1608.109375,
111.41257357597351,48.9,1608.109375,
111.51359272003174,48.9,1608.109375,
111.61461186408997,48.9,1608.109375,
111.71559071540833,48.9,1608.109375,
111.81665372848511,48.9,1608.109375,
111.91767621040344,48.9,1608.109375,
112.01872181892395,48.9,1608.109375,
112.11964964866638,48.9,1608.109375,
112.22074890136719,48.9,1608.109375,
112.32177448272705,48.9,1608.109375,
112.4227843284607,48.9,1608.109375,
112.52380990982056,48.9,1608.109375,
112.62481617927551,48.9,1608.109375,
112.72586464881897,48.9,1608.109375,
112.82687163352966,48.9,1608.109375,
112.92788743972778,48.9,1608.109375,
113.02891683578491,48.9,1608.109375,
113.12991571426392,48.9,1608.109375,
113.23103904724121,48.9,1608.109375,
113.332035779953,48.9,1608.109375,
113.43311023712158,48.9,1608.109375,
113.5341579914093,48.9,1608.109375,
113.63518333435059,48.9,1608.109375,
113.73621082305908,48.9,1608.109375,
113.83717679977417,48.9,1608.109375,
113.94119811058044,48.9,1608.109375,
114.04224729537964,48.9,1608.109375,
114.1432478427887,48.9,1608.109375,
114.24433064460754,48.9,1608.109375,
114.34530782699585,48.9,1608.109375,
114.44631290435791,48.9,1608.109375,
114.54736995697021,48.9,1608.109375,
114.64839339256287,48.9,1608.109375,
114.74941945075989,48.9,1608.109375,
114.8504524230957,48.9,1608.109375,
114.95142889022827,48.9,1608.109375,
115.05249285697937,48.9,1608.109375,
115.1535267829895,48.9,1608.109375,
115.25453114509583,48.9,1608.109375,
115.35559797286987,48.9,1608.109375,
115.45696520805359,48.9,1608.109375,
115.55798697471619,48.9,1608.109375,
115.65903782844543,48.9,1608.109375,
115.76005697250366,48.9,1608.109375,
115.86110424995422,48.9,1608.109375,
115.9621651172638,48.9,1608.109375,
116.06316828727722,48.9,1608.109375,
116.16418385505676,48.9,1608.109375,
116.26522088050842,48.9,1608.109375,
116.36579751968384,48.9,1608.109375,
116.46682786941528,48.9,1608.109375,
116.56783080101013,48.9,1608.109375,
116.66888284683228,48.9,1608.109375,
116.76989197731018,48.9,1608.109375,
116.87088370323181,48.9,1608.109375,
116.97200584411621,48.9,1608.109375,
117.07298135757446,48.9,1608.109375,
117.17403173446655,48.9,1608.109375,
117.27504515647888,48.9,1608.109375,
117.37604832649231,48.9,1608.109375,
117.47716641426086,48.9,1608.109375,
117.57821106910706,48.9,1608.109375,
117.67914867401123,48.9,1608.109375,
117.78013396263123,48.9,1608.109375,
117.88127732276917,48.9,1608.109375,
117.98221158981323,48.9,1608.109375,
118.08326864242554,48.9,1608.109375,
118.1842896938324,48.9,1608.109375,
118.28534817695618,48.9,1608.109375,
118.38626980781555,48.9,1608.109375,
118.48731327056885,48.9,1608.109375,
118.58837985992432,48.9,1608.109375,
118.6893663406372,48.9,1608.109375,
118.79042935371399,48.9,1608.109375,
118.89155912399292,48.9,1608.109375,
118.99249911308289,48.9,1608.109375,
119.09351253509521,48.9,1608.109375,
119.19459009170532,48.9,1608.109375,
119.29554009437561,48.9,1608.109375,
119.39658045768738,48.9,1608.109375,
119.49763536453247,48.9,1608.109375,
119.59858226776123,48.9,1608.109375,
119.69972634315491,48.9,1608.109375,
119.80070447921753,48.9,1608.109375,
119.90182304382324,48.9,1608.45390625,
120.00274658203125,48.96,1610.7578125,
120.27319860458374,49.04,1614.146875,
120.37419891357422,49.1,1616.62109375,
120.48186659812927,49.15999999999999,1619.0953125,
120.58284592628479,49.21999999999999,1621.225,
120.68389058113098,49.21999999999999,1621.3953125,
120.7849383354187,49.2,1620.48046875,
120.88595080375671,49.2,1620.48046875,
120.98696184158325,49.2,1620.48046875,
121.08801364898682,49.2,1620.48046875,
121.18899726867676,49.2,1620.48046875,
121.29000210762024,49.2,1620.48046875,
121.39106011390686,49.2,1620.48046875,
121.49211001396179,49.2,1620.48046875,
121.59315824508667,49.2,1620.48046875,
121.69415712356567,49.2,1620.48046875,
121.79513311386108,49.2,1620.48046875,
121.89627146720886,49.2,1620.48046875,
121.99721026420593,49.2,1620.48046875,
122.0992283821106,49.2,1620.48046875,
122.20026683807373,49.2,1620.48046875,
122.30129408836365,49.2,1620.48046875,
122.40231561660767,49.2,1620.48046875,
122.50338244438171,49.2,1620.48046875,
122.60440874099731,49.2,1620.48046875,
122.7055606842041,49.2,1620.48046875,
122.80641436576843,49.2,1620.48046875,
122.90751957893372,49.2,1620.48046875,
123.0085551738739,49.2,1620.48046875,
123.10954141616821,49.2,1620.48046875,
123.21057629585266,49.2,1620.48046875,
123.311603307724,49.2,1620.48046875,
123.41264724731445,49.2,1620.48046875,
123.51366472244263,49.2,1620.48046875,
123.61467862129211,49.2,1620.48046875,
123.71566081047058,49.2,1620.48046875,
123.81678700447083,49.2,1620.48046875,
123.91775345802307,49.2,1620.48046875,
124.01877212524414,49.2,1620.48046875,
124.11978936195374,49.2,1620.48046875,
124.22092390060425,49.2,1620.48046875,
124.32188892364502,49.2,1620.48046875,
124.42290830612183,49.2,1620.48046875,
124.52396249771118,49.2,1620.48046875,
124.62494778633118,49.2,1620.48046875,
124.72612047195435,49.2,1620.48046875,
124.82699084281921,49.2,1620.48046875,
124.92797112464905,49.2,1620.48046875,
125.02909731864929,49.2,1620.48046875,
125.13013458251953,49.2,1620.48046875,
125.23106908798218,49.2,1620.48046875,
125.33210444450378,49.2,1620.48046875,
125.43320226669312,49.2,1620.48046875,
125.53419971466064,49.2,1620.48046875,
125.63520860671997,49.2,1620.48046875,
125.73625779151917,49.2,1620.48046875,
125.83726167678833,49.2,1620.48046875,
125.93827819824219,49.2,1620.48046875,
126.03930974006653,49.2,1620.48046875,
126.14031291007996,49.2,1620.47890625,
126.241370677948,49.2,1620.47734375,
126.34239411354065,49.2,1620.47578125,
126.44295263290405,49.2,1620.47421875,
126.5444540977478,49.2,1620.47265625,
126.645423412323,49.2,1620.47265625,
126.74645638465881,49.2,1620.47265625,
126.84744715690613,49.2,1620.47265625,
126.94859886169434,49.2,1620.47265625,
127.04962849617004,49.2,1620.47265625,
127.15069031715393,49.2,1620.47265625,
127.25172519683838,49.2,1620.47265625,
127.35271501541138,49.2,1620.47265625,
127.45373225212097,49.2,1620.47265625,
127.55477261543274,49.2,1620.47265625,
127.65578389167786,49.2,1620.47265625,
127.75679993629456,49.2,1620.47265625,
127.85782432556152,49.2,1620.47265625,
127.95884394645691,49.2,1620.47265625,
128.05987739562988,49.2,1620.47265625,
128.1609766483307,49.2,1620.47265625,
128.2619276046753,49.2,1620.47265625,
128.36299347877502,49.2,1620.47265625,
128.46400594711304,49.2,1620.47265625,
128.56501293182373,49.2,1620.47265625,
128.6660759449005,49.2,1620.47265625,
128.76707243919373,49.2,1620.47265625,
128.86808609962463,49.2,1620.47265625,
128.96908044815063,49.2,1620.47265625,
129.07014393806458,49.2,1620.47265625,
129.17114448547363,49.2,1620.47265625,
129.27218580245972,49.2,1620.47265625,
129.3732361793518,49.2,1620.47265625,
129.47425866127014,49.2,1620.47265625,
129.5752899646759,49.2,1620.47265625,
129.67633938789368,49.2,1620.47265625,
129.77749037742615,49.2,1620.47265625,
129.8783836364746,49.2,1620.47265625,
129.97942209243774,49.2,1620.47265625,
130.08050966262817,49.2,1620.47265625,
130.1814911365509,49.2,1620.47265625,
130.28249740600586,49.2,1620.47265625,
130.38355135917664,49.2,1620.47265625,
130.48456811904907,49.2,1620.47265625,
130.58559107780457,49.2,1620.47265625,
130.68665146827698,49.2,1620.47265625,
130.78766059875488,49.2,1620.47265625,
130.88875222206116,49.2,1620.47265625,
130.98975944519043,49.2,1620.47265625,
131.09079766273499,49.2,1620.47265625,
131.191796541214,49.2,1620.47265625,
131.29284691810608,49.2,1620.47265625,
131.39395332336426,49.2,1620.47265625,
131.49490094184875,49.2,1620.47265625,
131.59591245651245,49.2,1620.47265625,
131.6969347000122,49.2,1620.47265625,
131.79792952537537,49.2,1620.47265625,
131.89894151687622,49.2,1620.47265625,
132.00000882148743,49.2,1620.47265625,
132.10098433494568,49.2,1620.47265625,
132.20200490951538,49.2,1620.47265625,
132.30306887626648,49.2,1620.47265625,
132.4041256904602,49.2,1620.47265625,
132.50513005256653,49.2,1620.47265625,
132.60619473457336,49.2,1620.47265625,
132.7071876525879,49.2,1620.47265625,
132.80818152427673,49.2,1620.47265625,
132.90933752059937,49.2,1620.47265625,
133.01028728485107,49.2,1620.47265625,
133.11127018928528,49.2,1620.47265625,
133.21229219436646,49.2,1620.47265625,
133.3134207725525,49.2,1620.47265625,
133.41442370414734,49.2,1620.47265625,
133.5154094696045,49.2,1620.47265625,
133.61640858650208,49.2,1620.47265625,
133.71744656562805,49.2,1620.47265625,
133.8180251121521,49.2,1620.47265625,
133.91907358169556,49.2,1620.47265625,
134.02009439468384,49.2,1620.47265625,
134.12114906311035,49.2,1620.47265625,
134.22229981422424,49.2,1620.47265625,
134.32320404052734,49.2,1620.47265625,
134.42421460151672,49.2,1620.47265625,
134.52522230148315,49.2,1620.47265625,
134.62627696990967,49.2,1620.47265625,
134.72727918624878,49.2,1620.47265625,
134.82827353477478,49.2,1620.47265625,
134.92930841445923,49.2,1620.47265625,
135.03034377098083,49.2,1620.47265625,
135.13140177726746,49.2,1620.47265625,
135.2325303554535,49.2,1620.47265625,
135.33345770835876,49.2,1620.47265625,
135.43448042869568,49.2,1620.47265625,
135.5355739593506,49.2,1620.47265625,
135.6365134716034,49.2,1620.47265625,
135.7376585006714,49.2,1620.47265625,
135.83862018585205,49.2,1620.47265625,
135.93967270851135,49.2,1620.47265625,
136.04065942764282,49.2,1620.47265625,
136.14175605773926,49.2,1620.47265625,
136.24279856681824,49.2,1620.47265625,
136.34376168251038,49.2,1620.47265625,
136.44496393203735,49.2,1620.47265625,
136.54582262039185,49.2,1620.47265625,
136.64687418937683,49.2,1620.47265625,
136.74788665771484,49.2,1620.47265625,
136.84891080856323,49.2,1620.47265625,
136.94989323616028,49.2,1620.47265625,
137.0510609149933,49.2,1620.47265625,
137.1522057056427,49.2,1620.47265625,
137.2531840801239,49.2,1620.47265625,
137.3541898727417,49.2,1620.47265625,
137.45519065856934,49.2,1620.47265625,
137.5562024116516,49.2,1620.47265625,
137.6572709083557,49.2,1620.47265625,
137.75825691223145,49.2,1620.47265625,
137.85883450508118,49.2,1620.47265625,
137.95995664596558,49.2,1620.47265625,
138.06089234352112,49.2,1620.47265625,
138.16199135780334,49.2,1620.47265625,
138.2629895210266,49.2,1620.47265625,
138.36398935317993,49.2,1620.47265625,
138.46502017974854,49.2,1620.47265625,
138.56617164611816,49.2,1620.47265625,
138.6670789718628,49.2,1620.47265625,
138.76804947853088,49.2,1620.47265625,
138.86910033226013,49.2,1620.47265625,
138.97013473510742,49.2,1620.47265625,
139.07114028930664,49.2,1620.47265625,
139.172189950943,49.2,1620.47265625,
139.27331495285034,49.2,1620.47265625,
139.374285697937,49.2,1620.47265625,
139.4752814769745,49.2,1620.47265625,
139.57636880874634,49.2,1620.47265625,
139.67734217643738,49.2,1620.47265625,
139.7784435749054,49.2,1620.47265625,
139.87939953804016,49.2,1620.47265625,
139.98050212860107,49.2,1620.47265625,
140.0815453529358,49.2,1620.47265625,
140.18250489234924,49.2,1620.47265625,
140.28359460830688,49.2,1620.47265625,
140.3846092224121,49.2,1620.47265625,
140.48560738563538,49.2,1620.47265625,
140.5867178440094,49.2,1620.47265625,
140.68772673606873,49.2,1620.47265625,
140.78871273994446,49.2,1620.47265625,
140.88976669311523,49.2,1620.47265625,
140.99077439308167,49.2,1620.47265625,
141.09178614616394,49.2,1620.47265625,
141.19280910491943,49.2,1620.47265625,
141.29388093948364,49.2,1620.47265625,
141.39486575126648,49.2,1620.47265625,
141.49586534500122,49.2,1620.47265625,
141.59689664840698,49.2,1620.47265625,
141.69785404205322,49.2,1620.47265625,
141.79837083816528,49.2,1620.47265625,
141.89934849739075,49.2,1620.47265625,
142.00043272972107,49.2,1620.47265625,
142.1014769077301,49.2,1620.47265625,
142.20251059532166,49.2,1620.47265625,
142.30349278450012,49.2,1620.47265625,
142.40479731559753,49.2,1620.47265625,
142.5057191848755,49.2,1620.47265625,
142.60676336288452,49.2,1620.47265625,
142.70776915550232,49.2,1620.47265625,
142.80881595611572,49.2,1620.47265625,
142.9098072052002,49.2,1620.47265625,
143.0108346939087,49.2,1620.47265625,
143.11187601089478,49.2,1620.47265625,
143.21286344528198,49.2,1620.47265625,
143.3140127658844,49.2,1620.47265625,
143.41497778892517,49.2,1620.47265625,
143.5159947872162,49.2,1620.47265625,
143.61695861816406,49.2,1620.47265625,
143.71803426742554,49.2,1620.47265625,
143.8190577030182,49.2,1620.47265625,
143.92008209228516,49.2,1620.47265625,
144.0210976600647,49.2,1620.47265625,
144.12209749221802,49.2,1620.47265625,
144.22319078445435,49.2,1620.47265625,
144.32418394088745,49.2,1620.47265625,
144.42525148391724,49.2,1620.47265625,
144.52624201774597,49.2,1620.47265625,
144.62728691101074,49.2,1620.47265625,
144.72884321212769,49.2,1620.47265625,
144.82987809181213,49.2,1620.47265625,
144.93090176582336,49.2,1620.47265625,
145.0319163799286,49.2,1620.47265625,
145.1329538822174,49.2,1620.47265625,
145.23399472236633,49.2,1620.47265625,
145.3350236415863,49.2,1620.47265625,
145.43605947494507,49.2,1620.47265625,
145.53718614578247,49.2,1620.47265625,
145.63818836212158,49.2,1620.47265625,
145.7392177581787,49.2,1620.47265625,
145.84025883674622,49.2,1620.47265625,
145.9412326812744,49.2,1620.47265625,
146.04236578941345,49.2,1620.47265625,
146.14337182044983,49.2,1620.47265625,
146.24438548088074,49.2,1620.47265625,
146.3454887866974,49.2,1620.47265625,
146.44645309448242,49.2,1620.47265625,
146.54837703704834,49.2,1620.47265625,
146.6493580341339,49.2,1620.47265625,
146.75042462348938,49.2,1620.47265625,
146.8513777256012,49.2,1620.47265625,
146.95248699188232,49.2,1620.47265625,
147.05347204208374,49.2,1620.47265625,
147.15446043014526,49.2,1620.47265625,
147.2554955482483,49.2,1620.47265625,
147.3565936088562,49.2,1620.47265625,
147.45763683319092,49.2,1620.47265625,
147.5587775707245,49.2,1620.47265625,
147.6597602367401,49.2,1620.47265625,
147.76075053215027,49.2,1620.47265625,
147.8614149093628,49.2,1620.47265625,
147.9624903202057,49.2,1620.47265625,
148.06357622146606,49.2,1620.47265625,
148.16460847854614,49.2,1620.47265625,
148.26558780670166,49.2,1620.47265625,
148.36668920516968,49.2,1620.47265625,
148.46758580207825,49.2,1620.47265625,
148.5687346458435,49.2,1620.47265625,
148.66976833343506,49.2,1620.47265625,
148.77081179618835,49.2,1620.47265625,
148.87178707122803,49.2,1620.47265625,
148.97276949882507,49.2,1620.47265625,
149.0738010406494,49.2,1620.47265625,
149.1748969554901,49.2,1620.47265625,
149.27584958076477,49.2,1620.47265625,
149.37691020965576,49.2,1620.47265625,
149.4779658317566,49.2,1620.47265625,
149.5789167881012,49.2,1620.47265625,
149.68001079559326,49.2,1620.47265625,
149.78101778030396,49.2,1620.47265625,
149.8819763660431,49.2,1620.47265625,
149.98318123817444,49.2,1620.47265625,
150.08416891098022,49.2,1620.47265625,
150.18519592285156,49.2,1620.47265625,
150.28612208366394,49.2,1620.47265625,
150.386549949646,49.2,1620.47265625,
150.48722863197327,49.2,1620.47265625,
150.5882408618927,49.2,1620.47265625,
150.6892774105072,49.2,1620.47265625,
150.79058289527893,49.2,1620.47265625,
150.89143633842468,49.2,1620.47265625,
150.9923996925354,49.2,1620.47265625,
151.09345030784607,49.2,1620.47265625,
151.19449830055237,49.2,1620.47265625,
151.2954626083374,49.2,1620.47265625,
151.39643955230713,49.2,1620.47265625,
151.49750208854675,49.2,1620.47265625,
151.5985758304596,49.2,1620.47265625,
151.69961595535278,49.2,1620.47265625,
151.80070662498474,49.2,1620.47265625,
151.90172123908997,49.2,1620.47265625,
152.00274634361267,49.2,1620.47265625,
152.10384917259216,49.2,1620.47265625,
152.20479726791382,49.2,1620.47265625,
152.3059206008911,49.2,1620.47265625,
152.40682911872864,49.2,1620.47265625,
152.50792121887207,49.2,1620.47265625,
152.60885643959045,49.2,1620.47265625,
152.70995688438416,49.2,1620.47265625,
152.81092047691345,49.2,1620.47265625,
152.91212487220764,49.2,1620.47265625,
153.01302194595337,49.2,1620.47265625,
153.11404299736023,49.2,1620.47265625,
153.21521830558777,49.2,1620.47265625,
153.31622052192688,49.2,1620.47265625,
153.41726660728455,49.2,1620.47265625,
153.51843118667603,49.2,1620.47265625,
153.6192638874054,49.2,1620.47265625,
153.72027897834778,49.2,1620.47265625,
153.82126998901367,49.2,1620.47265625,
153.9223449230194,49.2,1620.47265625,
154.02335238456726,49.2,1620.47265625,
154.12435293197632,49.2,1620.47265625,
154.22551798820496,49.2,1620.47265625,
154.3264605998993,49.2,1620.47265625,
154.42750549316406,49.2,1620.47265625,
154.5285620689392,49.2,1620.47265625,
154.62953972816467,49.2,1620.47265625,
154.73060011863708,49.2,1620.47265625,
154.83156728744507,49.2,1620.47265625,
154.93264603614807,49.2,1620.47265625,
155.03363800048828,49.2,1620.47265625,
155.13465881347656,49.2,1620.47265625,
155.2357029914856,49.2,1620.47265625,
155.33666133880615,49.2,1620.47265625,
155.4377520084381,49.2,1620.47265625,
155.53877997398376,49.2,1620.47265625,
155.63987851142883,49.2,1620.47265625,
155.74085068702698,49.2,1620.47265625,
155.8419167995453,49.2,1620.47265625,
155.94301509857178,49.2,1620.47265625,
156.0438621044159,49.2,1620.47265625,
156.14495706558228,49.2,1620.47109375,
156.24615216255188,49.2,1620.46953125,
156.34700274467468,49.2,1620.46796875,
156.44828295707703,49.2,1620.46640625,
156.5500829219818,49.2,1620.46484375,
156.65106201171875,49.2,1620.46484375,
156.75207686424255,49.2,1620.46484375,
156.85316228866577,49.2,1620.46484375,
156.95422196388245,49.2,1620.46484375,
157.05521368980408,49.2,1620.46484375,
157.1562216281891,49.2,1620.46484375,
157.25720810890198,49.2,1620.46484375,
157.35829663276672,49.2,1620.46484375,
157.45934557914734,49.2,1620.46484375,
157.56029272079468,49.2,1620.46484375,
157.66138911247253,49.2,1620.46484375,
157.7623634338379,49.2,1620.46484375,
157.86337041854858,49.2,1620.46484375,
157.96450972557068,49.2,1620.46484375,
158.06549406051636,49.2,1620.46484375,
158.16652512550354,49.2,1620.46484375,
158.26748156547546,49.2,1620.46484375,
158.36854100227356,49.2,1620.46484375,
158.46952605247498,49.2,1620.46484375,
158.57060170173645,49.2,1620.46484375,
158.6716823577881,49.2,1620.46484375,
158.77265214920044,49.2,1620.46484375,
158.87367463111877,49.2,1620.46484375,
158.97463035583496,49.2,1620.46484375,
159.0756287574768,49.2,1620.46484375,
159.1767544746399,49.2,1620.46484375,
159.27784419059753,49.2,1620.46484375,
159.3787829875946,49.2,1620.46484375,
159.4798183441162,49.2,1620.46484375,
159.58089661598206,49.2,1620.46484375,
159.68196034431458,49.2,1620.46484375,
159.78293991088867,49.2,1620.46484375,
159.88400888442993,49.2,1620.46484375,
159.98496508598328,49.2,1620.46484375,
160.0860550403595,49.2,1620.46484375,
160.18706893920898,49.2,1620.46484375,
160.28807425498962,49.2,1620.46484375,
160.38912224769592,49.2,1620.46484375,
160.49012327194214,49.2,1620.46484375,
160.59114408493042,49.2,1620.46484375,
160.69214034080505,49.2,1620.46484375,
160.79319262504578,49.2,1620.46484375,
160.89420700073242,49.2,1620.46484375,
160.99523949623108,49.2,1620.46484375,
161.0962052345276,49.2,1620.46484375,
161.1972839832306,49.2,1620.46484375,
161.29834842681885,49.2,1620.46484375,
161.39933943748474,49.2,1620.46484375,
161.50032329559326,49.2,1620.46484375,
161.60133934020996,49.2,1620.46484375,
161.7023732662201,49.2,1620.46484375,
161.80340337753296,49.2,1620.46484375,
161.904461145401,49.2,1620.46484375,
162.00543856620789,49.2,1620.46484375,
162.10647821426392,49.2,1620.46484375,
162.20748925209045,49.2,1620.46484375,
162.3085367679596,49.2,1620.46484375,
162.4095401763916,49.2,1620.46484375,
162.51060843467712,49.2,1620.46484375,
162.61155652999878,49.2,1620.46484375,
162.71265387535095,49.2,1620.46484375,
162.81381344795227,49.2,1620.46484375,
162.9146876335144,49.2,1620.46484375,
163.01623034477234,49.2,1620.46484375,
163.11793160438538,49.2,1620.46484375,
163.2187216281891,49.2,1620.46484375,
163.3197431564331,49.2,1620.46484375,
163.42085599899292,49.2,1620.46484375,
163.52187275886536,49.2,1620.46484375,
163.62288427352905,49.2,1620.46484375,
163.72384905815125,49.2,1620.46484375,
163.82508826255798,49.2,1620.46484375,
163.92606568336487,49.2,1620.46484375,
164.02707481384277,49.2,1620.46484375,
164.1280870437622,49.2,1620.46484375,
164.2292239665985,49.2,1620.46484375,
164.3302137851715,49.2,1620.46484375,
164.43132376670837,49.2,1620.46484375,
164.53222036361694,49.2,1620.46484375,
164.63331246376038,49.2,1620.46484375,
164.73434615135193,49.2,1620.46484375,
164.83527636528015,49.2,1620.46484375,
164.93631792068481,49.2,1620.46484375,
165.03733563423157,49.2,1620.46484375,
165.13843059539795,49.2,1620.46484375,
165.23942351341248,49.2,1620.46484375,
165.34043622016907,49.2,1620.46484375,
165.44143390655518,49.2,1620.46484375,
165.54257106781006,49.2,1620.46484375,
165.6435832977295,49.2,1620.46484375,
165.7446985244751,49.2,1620.46484375,
165.845609664917,49.2,1620.46484375,
165.94670295715332,49.2,1620.46484375,
166.04764986038208,49.2,1620.46484375,
166.14872026443481,49.2,1620.46484375,
166.24979448318481,49.2,1620.46484375,
166.3508117198944,49.2,1620.46484375,
166.4519510269165,49.2,1620.46484375,
166.55287146568298,49.2,1620.46484375,
166.65380024909973,49.2,1620.46484375,
166.75481820106506,49.2,1620.46484375,
166.85587239265442,49.2,1620.46484375,
166.957040309906,49.2,1620.46484375,
167.05792927742004,49.2,1620.46484375,
167.15889954566956,49.2,1620.46484375,
167.25952863693237,49.2,1620.46484375,
167.3610553741455,49.2,1620.46484375,
167.46209597587585,49.2,1620.46484375,
167.56305956840515,49.2,1620.46484375,
167.66406416893005,49.2,1620.46484375,
167.7650637626648,49.2,1620.46484375,
167.866277217865,49.2,1620.46484375,
167.96726870536804,49.2,1620.46484375,
168.06838154792786,49.2,1620.46484375,
168.16932821273804,49.2,1620.46484375,
168.2703402042389,49.2,1620.46484375,
168.3712775707245,49.2,1620.46484375,
168.4723641872406,49.2,1620.46484375,
168.57340550422668,49.2,1620.46484375,
168.6743950843811,49.2,1620.46484375,
168.7753927707672,49.2,1620.46484375,
168.8766222000122,49.2,1620.46484375,
168.9774510860443,49.2,1620.46484375,
169.0785059928894,49.2,1620.46484375,
169.1795265674591,49.2,1620.46484375,
169.28063035011292,49.2,1620.46484375,
169.38165020942688,49.2,1620.46484375,
169.48271799087524,49.2,1620.46484375,
169.58371543884277,49.2,1620.46484375,
169.68464136123657,49.2,1620.46484375,
169.78569769859314,49.2,1620.46484375,
169.88674068450928,49.2,1620.46484375,
169.98784494400024,49.2,1620.46484375,
170.0888319015503,49.2,1620.46484375,
170.18993711471558,49.2,1620.46484375,
170.29092407226562,49.2,1620.46484375,
170.3919243812561,49.2,1620.46484375,
170.49286365509033,49.2,1620.46484375,
170.59397625923157,49.2,1620.46484375,
170.6949965953827,49.2,1620.46484375,
170.7960238456726,49.2,1620.46484375,
170.8971288204193,49.2,1620.46484375,
170.9980800151825,49.2,1620.46484375,
171.0990810394287,49.2,1620.46484375,
171.20017433166504,49.2,1620.46484375,
171.301185131073,49.2,1620.46484375,
171.40221786499023,49.2,1620.46484375,
171.50325345993042,49.2,1620.46484375,
171.6042776107788,49.2,1620.46484375,
171.70530772209167,49.2,1620.46484375,
171.80635261535645,49.2,1620.46484375,
171.90736055374146,49.2,1620.46484375,
172.00836539268494,49.2,1620.46484375,
172.1094388961792,49.2,1620.46484375,
172.2105152606964,49.2,1620.46484375,
172.31153178215027,49.2,1620.46484375,
172.41254115104675,49.2,1620.46484375,
172.5136559009552,49.2,1620.46484375,
172.61464047431946,49.2,1620.46484375,
172.71569967269897,49.2,1620.46484375,
172.81671810150146,49.2,1620.46484375,
172.91765761375427,49.2,1620.46484375,
173.01927375793457,49.2,1620.46484375,
173.1197111606598,49.2,1620.46484375,
173.22079467773438,49.2,1620.46484375,
173.32179498672485,49.2,1620.46484375,
173.42288827896118,49.2,1620.46484375,
173.52394556999207,49.2,1620.46484375,
173.62499165534973,49.2,1620.46484375,
173.72596955299377,49.2,1620.46484375,
173.82695174217224,49.2,1620.46484375,
173.9280002117157,49.2,1620.46484375,
174.02907538414001,49.2,1620.46484375,
174.13007950782776,49.2,1620.46484375,
174.23110175132751,49.2,1620.46484375,
174.33216071128845,49.2,1620.46484375,
174.43319368362427,49.2,1620.46484375,
174.5342516899109,49.2,1620.46484375,
174.6353054046631,49.2,1620.46484375,
174.73634886741638,49.2,1620.46484375,
174.83735060691833,49.2,1620.46484375,
174.93840742111206,49.2,1620.46484375,
175.03943586349487,49.2,1620.46484375,
175.1403615474701,49.2,1620.46484375,
175.24141693115234,49.2,1620.46484375,
175.3424036502838,49.2,1620.46484375,
175.44345092773438,49.2,1620.46484375,
175.54449939727783,49.2,1620.46484375,
175.6455614566803,49.2,1620.46484375,
175.7465660572052,49.2,1620.46484375,
175.8476903438568,49.2,1620.46484375,
175.94868445396423,49.2,1620.46484375,
176.04981446266174,49.2,1620.46484375,
176.1507134437561,49.2,1620.46484375,
176.2517352104187,49.2,1620.46484375,
176.35281038284302,49.2,1620.46484375,
176.45411944389343,49.2,1620.46484375,
176.55598044395447,49.2,1620.46484375,
176.6569561958313,49.2,1620.46484375,
176.75795984268188,49.2,1620.46484375,
176.8589746952057,49.2,1620.46484375,
176.96002221107483,49.2,1620.46484375,
177.06105518341064,49.2,1620.46484375,
177.1619908809662,49.2,1620.46484375,
177.26300764083862,49.2,1620.46484375,
177.36409258842468,49.2,1620.46484375,
177.46515035629272,49.2,1620.46484375,
177.56626796722412,49.2,1620.46484375,
177.66729998588562,49.2,1620.46484375,
177.76827263832092,49.2,1620.46484375,
177.86935305595398,49.2,1620.46484375,
177.97036814689636,49.2,1620.46484375,
178.07134866714478,49.2,1620.46484375,
178.17238974571228,49.2,1620.46484375,
178.27341222763062,49.2,1620.46484375,
178.37436962127686,49.2,1620.46484375,
178.47551703453064,49.2,1620.46484375,
178.57647585868835,49.2,1620.46484375,
178.6775336265564,49.2,1620.46484375,
178.77868008613586,49.2,1620.46484375,
178.87966060638428,49.2,1620.46484375,
178.98073029518127,49.2,1620.46484375,
179.08171486854553,49.2,1620.46484375,
179.18275594711304,49.2,1620.46484375,
179.2837951183319,49.2,1620.46484375,
179.38480758666992,49.2,1620.46484375,
179.48583459854126,49.2,1620.46484375,
179.58684635162354,49.2,1620.46484375,
179.6878526210785,49.2,1620.46484375,
179.78890323638916,49.2,1620.46484375,
179.8900637626648,49.2,1620.46484375,
179.99095940589905,49.2,1620.46484375,
180.09199571609497,49.2,1620.46484375,
180.19299912452698,49.2,1620.46484375,
180.2940239906311,49.2,1620.46484375,
180.39506244659424,49.2,1620.46484375,
180.49608850479126,49.2,1620.46484375,
180.5971086025238,49.2,1620.46484375,
180.69812941551208,49.2,1620.46484375,
180.79917192459106,49.2,1620.46484375,
180.9002366065979,49.2,1620.46484375,
181.00124788284302,49.2,1620.46484375,
181.10226941108704,49.2,1620.46484375,
181.20333862304688,49.2,1620.46484375,
181.30429887771606,49.2,1620.46484375,
181.40534043312073,49.2,1620.46484375,
181.50590753555298,49.2,1620.46484375,
181.60694932937622,49.2,1620.46484375,
181.70796847343445,49.2,1620.46484375,
181.8089883327484,49.2,1620.46484375,
181.9099748134613,49.2,1620.46484375,
182.01106429100037,49.2,1620.46484375,
182.11210703849792,49.2,1620.46484375,
182.21314668655396,49.2,1620.46484375,
182.314147233963,49.2,1620.46484375,
182.4151909351349,49.2,1620.46484375,
182.51621413230896,49.2,1620.46484375,
182.6172022819519,49.2,1620.46484375,
182.71821856498718,49.2,1620.46484375,
182.8191945552826,49.2,1620.46484375,
182.92029547691345,49.2,1620.46484375,
183.0217263698578,49.2,1620.46484375,
183.12230968475342,49.2,1620.46484375,
183.2233579158783,49.2,1620.46484375,
183.32445693016052,49.2,1620.46484375,
183.4254789352417,49.2,1620.46484375,
183.5264868736267,49.2,1620.46484375,
183.62760543823242,49.2,1620.46484375,
183.72860431671143,49.2,1620.46484375,
183.82964181900024,49.2,1620.46484375,
183.93063497543335,49.2,1620.46484375,
184.03165531158447,49.2,1620.46484375,
184.1326642036438,49.2,1620.46484375,
184.2337338924408,49.2,1620.46484375,
184.33474111557007,49.2,1620.46484375,
184.43579721450806,49.2,1620.46484375,
184.53678011894226,49.2,1620.46484375,
184.63787078857422,49.2,1620.46484375,
184.73888111114502,49.2,1620.46484375,
184.83992099761963,49.2,1620.46484375,
184.94094944000244,49.2,1620.46484375,
185.0420274734497,49.2,1620.46484375,
185.14297461509705,49.2,1620.46484375,
185.24405431747437,49.2,1620.46484375,
185.3450345993042,49.2,1620.46484375,
185.44603490829468,49.2,1620.46484375,
185.54705500602722,49.2,1620.46484375,
185.64814734458923,49.2,1620.46484375,
185.74913573265076,49.2,1620.46484375,
185.85014653205872,49.2,1620.46484375,
185.9512062072754,49.2,1620.46484375,
186.05225348472595,49.2,1620.46484375,
186.15317511558533,49.2,1620.46484375,
186.2543740272522,49.2,1620.46484375,
186.35529232025146,49.2,1620.46484375,
186.45649480819702,49.2,1620.46484375,
186.55836844444275,49.2,1620.46484375,
186.65936517715454,49.2,1620.46484375,
186.7603759765625,49.2,1620.46484375,
186.86140275001526,49.2,1620.46484375,
186.9625027179718,49.2,1620.46484375,
187.0634925365448,49.2,1620.46484375,
187.16452884674072,49.2,1620.46484375,
187.2655906677246,49.2,1620.46484375,
187.36652326583862,49.2,1620.46484375,
187.46752095222473,49.2,1620.46484375,
187.5685977935791,49.2,1620.46484375,
187.66966080665588,49.2,1620.46484375,
187.77067279815674,49.2,1620.46484375,
187.87191796302795,49.2,1620.46484375,
187.97273993492126,49.2,1620.46484375,
188.0738353729248,49.2,1620.46484375,
188.17484521865845,49.2,1620.46484375,
188.27588725090027,49.2,1620.46484375,
188.37685823440552,49.2,1620.46484375,
188.47798919677734,49.2,1620.46484375,
188.57893013954163,49.2,1620.46484375,
188.6801278591156,49.2,1620.46484375,
188.78103160858154,49.2,1620.46484375,
188.88200187683105,49.2,1620.46484375,
188.983074426651,49.2,1620.46484375,
189.08407592773438,49.2,1620.46484375,
189.18515157699585,49.2,1620.46484375,
189.28624057769775,49.2,1620.46484375,
189.38715934753418,49.2,1620.46484375,
189.4882116317749,49.2,1620.46484375,
189.58930563926697,49.2,1620.46484375,
189.69040417671204,49.2,1620.46484375,
189.7913784980774,49.2,1620.46484375,
189.89240860939026,49.2,1620.46484375,
189.99353504180908,49.2,1620.46484375,
190.09454250335693,49.2,1620.46484375,
190.19553065299988,49.2,1620.46484375,
190.2965099811554,49.2,1620.46484375,
190.39757108688354,49.2,1620.46484375,
190.49863719940186,49.2,1620.46484375,
190.59963607788086,49.2,1620.46484375,
190.70064496994019,49.2,1620.46484375,
190.80173063278198,49.2,1620.46484375,
190.90278601646423,49.2,1620.46484375,
191.00370573997498,49.2,1620.46484375,
191.10477685928345,49.2,1620.46484375,
191.20588970184326,49.2,1620.46484375,
191.30691361427307,49.2,1620.46484375,
191.40792798995972,49.2,1620.46484375,
191.50896501541138,49.2,1620.46484375,
191.60998821258545,49.2,1620.46484375,
191.71097493171692,49.2,1620.46484375,
191.81201767921448,49.2,1620.46484375,
191.91299843788147,49.2,1620.46484375,
192.01405692100525,49.2,1620.46484375,
192.11507987976074,49.2,1620.46484375,
192.21602702140808,49.2,1620.46484375,
192.31705117225647,49.2,1620.46484375,
192.41818618774414,49.2,1620.46484375,
192.51920652389526,49.2,1620.46484375,
192.62023043632507,49.2,1620.46484375,
192.7212529182434,49.2,1620.46484375,
192.82227516174316,49.2,1620.46484375,
192.92329382896423,49.2,1620.46484375,
193.0248086452484,49.2,1620.46484375,
193.12628746032715,49.2,1620.46484375,
193.22728657722473,49.2,1620.46484375,
193.3284089565277,49.2,1620.46484375,
193.42945647239685,49.2,1620.46484375,
193.53047513961792,49.2,1620.46484375,
193.63141012191772,49.2,1620.46484375,
193.7325804233551,49.2,1620.46484375,
193.83353424072266,49.2,1620.46484375,
193.93455696105957,49.2,1620.46484375,
194.03557658195496,49.2,1620.46484375,
194.1366150379181,49.2,1620.46484375,
194.2376515865326,49.2,1620.46484375,
194.3386549949646,49.2,1620.46484375,
194.4396550655365,49.2,1620.46484375,
194.54074478149414,49.2,1620.46484375,
194.6417510509491,49.2,1620.46484375,
194.7427864074707,49.2,1620.46484375,
194.8438105583191,49.2,1620.46484375,
194.94480895996094,49.2,1620.46484375,
195.04588508605957,49.2,1620.46484375,
195.14687180519104,49.2,1620.46484375,
195.24799513816833,49.2,1620.46484375,
195.34897112846375,49.2,1620.46484375,
195.44996333122253,49.2,1620.46484375,
195.5509831905365,49.2,1620.46484375,
195.65201926231384,49.2,1620.46484375,
195.7530481815338,49.2,1620.46484375,
195.85406517982483,49.2,1620.46484375,
195.95510721206665,49.2,1620.46484375,
196.056156873703,49.2,1620.46484375,
196.1571397781372,49.2,1620.46484375,
196.25827026367188,49.2,1620.46484375,
196.35922956466675,49.2,1620.46484375,
196.4605016708374,49.2,1620.46484375,
196.5623598098755,49.2,1620.46484375,
196.66332006454468,49.2,1620.46484375,
196.76436614990234,49.2,1620.46484375,
196.86537289619446,49.2,1620.46484375,
196.9664282798767,49.2,1620.46484375,
197.06753659248352,49.2,1620.46484375,
197.1684491634369,49.2,1620.46484375,
197.26951432228088,49.2,1620.46484375,
197.3704755306244,49.2,1620.46484375,
197.47159123420715,49.2,1620.46484375,
197.57260417938232,49.2,1620.46484375,
197.67367815971375,49.2,1620.46484375,
197.77471661567688,49.2,1620.46484375,
197.87574791908264,49.2,1620.46484375,
197.97681736946106,49.2,1620.46484375,
198.07752299308777,49.2,1620.46484375,
198.17857241630554,49.2,1620.46484375,
198.27986335754395,49.2,1620.46484375,
198.3804430961609,49.2,1620.46484375,
198.48087549209595,49.2,1620.46484375,
198.58188223838806,49.2,1620.46484375,
198.68291783332825,49.2,1620.46484375,
198.78381371498108,49.2,1620.46484375,
198.88494515419006,49.2,1620.46484375,
198.98597645759583,49.2,1620.46484375,
199.0869586467743,49.2,1620.46484375,
199.18806838989258,49.2,1620.46484375,
199.2890031337738,49.2,1620.46484375,
199.39009356498718,49.2,1620.46484375,
199.49104595184326,49.2,1620.46484375,
199.59216284751892,49.2,1620.46484375,
199.6931335926056,49.2,1620.46484375,
199.79426050186157,49.2,1620.46484375,
199.89521551132202,49.2,1620.46484375,
199.99632668495178,49.2,1620.46484375,
200.09742665290833,49.2,1620.46484375,
200.19835472106934,49.2,1620.46484375,
200.29936051368713,49.2,1620.46484375,
200.40037369728088,49.2,1620.46484375,
200.5013747215271,49.2,1620.46484375,
200.60250735282898,49.2,1620.46484375,
200.7035369873047,49.2,1620.46484375,
200.8046543598175,49.2,1620.46484375,
200.90567588806152,49.2,1620.46484375,
201.00667643547058,49.2,1620.46484375,
201.1077013015747,49.2,1620.46484375,
201.20867252349854,49.2,1620.46484375,
201.30966973304749,49.2,1620.46484375,
201.41071200370789,49.2,1620.46484375,
201.51182651519775,49.2,1620.46484375,
201.6128807067871,49.2,1620.46484375,
201.7138328552246,49.2,1620.46484375,
201.8148798942566,49.2,1620.46484375,
201.91600441932678,49.2,1620.46484375,
202.01707983016968,49.2,1620.46484375,
202.11797618865967,49.2,1620.46484375,
202.21904802322388,49.2,1620.46484375,
202.32007575035095,49.2,1620.46484375,
202.42107486724854,49.2,1620.46484375,
202.5221288204193,49.2,1620.46484375,
202.62312746047974,49.2,1620.46484375,
202.72410368919373,49.2,1620.46484375,
202.82513427734375,49.2,1620.46484375,
202.92620015144348,49.2,1620.46484375,
203.0272240638733,49.2,1620.46484375,
203.12830185890198,49.2,1620.46484375,
203.22920775413513,49.2,1620.46484375,
203.33048510551453,49.2,1620.46484375,
203.43134236335754,49.2,1620.46484375,
203.53231549263,49.2,1620.46484375,
203.6333556175232,49.2,1620.46484375,
203.73445749282837,49.2,1620.46484375,
203.83545684814453,49.2,1620.46484375,
203.9364733695984,49.2,1620.46484375,
204.0375108718872,49.2,1620.46484375,
204.13852334022522,49.2,1620.46484375,
204.23955035209656,49.2,1620.46484375,
204.34048652648926,49.2,1620.46484375,
204.4415934085846,49.2,1620.46484375,
204.54262852668762,49.2,1620.46484375,
204.64366507530212,49.2,1620.46484375,
204.74467206001282,49.2,1620.46484375,
204.84573698043823,49.2,1620.46484375,
204.94671249389648,49.2,1620.46484375,
205.04771852493286,49.2,1620.46484375,
205.14876222610474,49.2,1620.46484375,
205.24980568885803,49.2,1620.46484375,
205.3507959842682,49.2,1620.46484375,
205.45187091827393,49.2,1620.46484375,
205.55286693572998,49.2,1620.46484375,
205.65388774871826,49.2,1620.46484375,
205.75498390197754,49.2,1620.46484375,
205.85591888427734,49.2,1620.46484375,
205.95700645446777,49.2,1620.46484375,
206.05805158615112,49.2,1620.46484375,
206.15902185440063,49.2,1620.46484375,
206.26007390022278,49.2,1620.46484375,
206.3610544204712,49.2,1620.46484375,
206.46234941482544,49.2,1620.46484375,
206.56414580345154,49.2,1620.46484375,
206.66509008407593,49.2,1620.46484375,
206.76613926887512,49.2,1620.46484375,
206.86721301078796,49.2,1620.46484375,
206.96824073791504,49.2,1620.46484375,
207.06925344467163,49.2,1620.46484375,
207.17030382156372,49.2,1620.46484375,
207.27129697799683,49.2,1620.46484375,
207.37231421470642,49.2,1620.46484375,
207.47334384918213,49.2,1620.46484375,
207.57435536384583,49.2,1620.46484375,
207.67539596557617,49.2,1620.46484375,
207.77638816833496,49.2,1620.46484375,
207.8774609565735,49.2,1620.46484375,
207.97848653793335,49.2,1620.46484375,
208.07947444915771,49.2,1620.46484375,
208.18052864074707,49.2,1620.46484375,
208.28153920173645,49.2,1620.46484375,
208.382559299469,49.2,1620.46484375,
208.48361206054688,49.2,1620.46484375,
208.5846164226532,49.2,1620.46484375,
208.68564581871033,49.2,1620.46484375,
208.78669691085815,49.2,1620.46484375,
208.8876621723175,49.2,1620.46484375,
208.9887249469757,49.2,1620.46484375,
209.0899953842163,49.2,1620.46484375,
209.19107675552368,49.2,1620.46484375,
209.2920880317688,49.2,1620.46484375,
209.39316201210022,49.2,1620.46484375,
209.4941430091858,49.2,1620.46484375,
209.59518432617188,49.2,1620.46484375,
209.69618678092957,49.2,1620.46484375,
209.79720520973206,49.2,1620.46484375,
209.8982367515564,49.2,1620.46484375,
209.9992480278015,49.2,1620.46484375,
210.10020995140076,49.2,1620.46484375,
210.2012960910797,49.2,1620.46484375,
210.30231094360352,49.2,1620.46484375,
210.40333485603333,49.2,1620.46484375,
210.5043704509735,49.2,1620.46484375,
210.60536336898804,49.2,1620.46484375,
210.7063694000244,49.2,1620.46484375,
210.80740308761597,49.2,1620.46484375,
210.90844821929932,49.2,1620.46484375,
211.0094711780548,49.2,1620.46484375,
211.11049485206604,49.2,1620.46484375,
211.21151685714722,49.2,1620.46484375,
211.31252884864807,49.2,1620.46484375,
211.41354393959045,49.2,1620.46484375,
211.51408290863037,49.2,1620.46484375,
211.61507368087769,49.2,1620.46484375,
211.7161238193512,49.2,1620.46484375,
211.81714820861816,49.2,1620.46484375,
211.9181773662567,49.2,1620.46484375,
212.0191671848297,49.2,1620.46484375,
212.12021470069885,49.2,1620.46484375,
212.22121357917786,49.2,1620.46484375,
212.32226061820984,49.2,1620.46484375,
212.42324948310852,49.2,1620.46484375,
212.52434539794922,49.2,1620.46484375,
212.62532544136047,49.2,1620.46484375,
212.72634363174438,49.2,1620.46484375,
212.82737135887146,49.2,1620.46484375,
212.92842316627502,49.2,1620.46484375,
213.02940320968628,49.2,1620.46484375,
213.1304337978363,49.2,1620.46484375,
213.23148202896118,49.2,1620.46484375,
213.33258819580078,49.2,1620.46484375,
213.43349027633667,49.2,1620.46484375,
213.53452348709106,49.2,1620.46484375,
213.63559079170227,49.2,1620.46484375,
213.73658990859985,49.2,1620.46484375,
213.8376007080078,49.2,1620.46484375,
213.93859362602234,49.2,1620.46484375,
214.0396270751953,49.2,1620.46484375,
214.140634059906,49.2,1620.46484375,
214.2416696548462,49.2,1620.46484375,
214.342693567276,49.2,1620.46484375,
214.4437186717987,49.2,1620.46484375,
214.5447859764099,49.2,1620.46484375,
214.64574813842773,49.2,1620.46484375,
214.74680399894714,49.2,1620.46484375,
214.84781432151794,49.2,1620.46484375,
214.9488275051117,49.2,1620.46484375,
215.04979610443115,49.2,1620.46484375,
215.15087223052979,49.2,1620.46484375,
215.2519006729126,49.2,1620.46484375,
215.3528928756714,49.2,1620.46484375,
215.4539361000061,49.2,1620.46484375,
215.55495810508728,49.2,1620.46484375,
215.65598011016846,49.2,1620.46484375,
215.75706386566162,49.2,1620.46484375,
215.85812330245972,49.2,1620.46484375,
215.959135055542,49.2,1620.46484375,
216.0601806640625,49.2,1620.46484375,
216.16118788719177,49.2,1620.46484375,
216.26239800453186,49.2,1620.46484375,
216.36319065093994,49.2,1620.46484375,
216.46449899673462,49.2,1620.46484375,
216.56630516052246,49.2,1620.46484375,
216.6673023700714,49.2,1620.46484375,
216.76825094223022,49.2,1620.46484375,
216.86931681632996,49.2,1620.46484375,
216.97044849395752,49.2,1620.46484375,
217.07144498825073,49.2,1620.46484375,
217.17248153686523,49.2,1620.46484375,
217.27348971366882,49.2,1620.46484375,
217.37454438209534,49.2,1620.46484375,
217.47553491592407,49.2,1620.46484375,
217.57657647132874,49.2,1620.46484375,
217.6776852607727,49.2,1620.46484375,
217.77862191200256,49.2,1620.46484375,
217.879638671875,49.2,1620.46484375,
217.98067164421082,49.2,1620.46484375,
218.08169889450073,49.2,1620.46484375,
218.18269038200378,49.2,1620.46484375,
218.2837905883789,49.2,1620.46484375,
218.38487696647644,49.2,1620.46484375,
218.485835313797,49.2,1620.46484375,
218.5869300365448,49.2,1620.46484375,
218.68799257278442,49.2,1620.46484375,
218.78897500038147,49.2,1620.46484375,
218.88998675346375,49.2,1620.46484375,
218.99101281166077,49.2,1620.46484375,
219.0920650959015,49.2,1620.46484375,
219.19300031661987,49.2,1620.46484375,
219.29403042793274,49.2,1620.46484375,
219.3951063156128,49.2,1620.46484375,
219.49611639976501,49.2,1620.46484375,
219.5971565246582,49.2,1620.46484375,
219.69878602027893,49.2,1620.46484375,
219.79974174499512,49.2,1620.46484375,
219.90080070495605,49.2,1620.46484375,
220.00188326835632,49.2,1620.46484375,
220.1029372215271,49.2,1620.46484375,
220.20393705368042,49.2,1620.46484375,
220.3049852848053,49.2,1620.46484375,
220.40590071678162,49.2,1620.46484375,
220.50693106651306,49.2,1620.46484375,
220.60801005363464,49.2,1620.46484375,
220.70903849601746,49.2,1620.46484375,
220.81012225151062,49.2,1620.46484375,
220.91116571426392,49.2,1620.46484375,
221.0120928287506,49.2,1620.46484375,
221.11316895484924,49.2,1620.46484375,
221.2141990661621,49.2,1620.46484375,
221.31515097618103,49.2,1620.46484375,
221.41621494293213,49.2,1620.46484375,
221.5172619819641,49.2,1620.46484375,
221.61829829216003,49.2,1620.46484375,
221.71929550170898,49.2,1620.46484375,
221.82031679153442,49.2,1620.46484375,
221.92133688926697,49.2,1620.46484375,
222.02237153053284,49.2,1620.46484375,
222.12348008155823,49.2,1620.46484375,
222.2244131565094,49.2,1620.46484375,
222.3254325389862,49.2,1620.46484375,
222.42609357833862,49.2,1620.46484375,
222.5270495414734,49.2,1620.46484375,
222.62806725502014,49.2,1620.46484375,
222.72913599014282,49.2,1620.46484375,
222.83020305633545,49.2,1620.46484375,
222.93117356300354,49.2,1620.46484375,
223.03224444389343,49.2,1620.46484375,
223.13320398330688,49.2,1620.46484375,
223.23422193527222,49.2,1620.46484375,
223.33529114723206,49.2,1620.46484375,
223.43637919425964,49.2,1620.46484375,
223.5373251438141,49.2,1620.46484375,
223.63844966888428,49.2,1620.46484375,
223.739497423172,49.2,1620.46484375,
223.8405318260193,49.2,1620.46484375,
223.94150972366333,49.2,1620.46484375,
224.04259586334229,49.2,1620.46484375,
224.14362788200378,49.2,1620.46484375,
224.2446825504303,49.2,1620.46484375,
224.34569597244263,49.2,1620.46484375,
224.44665670394897,49.2,1620.46484375,
224.54778933525085,49.2,1620.46484375,
224.648850440979,49.2,1620.46484375,
224.74986910820007,49.2,1620.46484375,
224.85084891319275,49.2,1620.46484375,
224.95190477371216,49.2,1620.46484375,
225.05294179916382,49.2,1620.46484375,
225.15398478507996,49.2,1620.46484375,
225.25497698783875,49.2,1620.46484375,
225.35609006881714,49.2,1620.46484375,
225.457097530365,49.2,1620.46484375,
225.5581693649292,49.2,1620.46484375,
225.65916109085083,49.2,1620.46484375,
225.7602038383484,49.2,1620.46484375,
225.86118531227112,49.2,1620.46484375,
225.96219062805176,49.2,1620.46484375,
226.06324434280396,49.2,1620.46484375,
226.1643261909485,49.2,1620.46484375,
226.26532793045044,49.2,1620.46484375,
226.36636352539062,49.2,1620.46484375,
226.46776628494263,49.2,1620.46484375,
226.56942868232727,49.2,1620.46484375,
226.67051553726196,49.2,1620.46484375,
226.77152705192566,49.2,1620.46484375,
226.87247037887573,49.2,1620.46484375,
226.9734923839569,49.2,1620.46484375,
227.07457947731018,49.2,1620.46484375,
227.17553758621216,49.2,1620.46484375,
227.27670574188232,49.2,1620.46484375,
227.37761735916138,49.2,1620.46484375,
227.4787085056305,49.2,1620.46484375,
227.57975816726685,49.2,1620.46484375,
227.68076825141907,49.2,1620.46484375,
227.78175044059753,49.2,1620.46484375,
227.88233041763306,49.2,1620.46484375,
227.9834201335907,49.2,1620.46484375,
228.08444237709045,49.2,1620.46484375,
228.1854283809662,49.2,1620.46484375,
228.28641819953918,49.2,1620.46484375,
228.387433052063,49.2,1620.46484375,
228.48848724365234,49.2,1620.46484375,
228.5894742012024,49.2,1620.46484375,
228.6905643939972,49.2,1620.46484375,
228.7914960384369,49.2,1620.46484375,
228.8925485610962,49.2,1620.46484375,
228.99356293678284,49.2,1620.46484375,
229.0946125984192,49.2,1620.46484375,
229.1959683895111,49.2,1620.46484375,
229.29701161384583,49.2,1620.46484375,
229.39801621437073,49.2,1620.46484375,
229.4990816116333,49.2,1620.46484375,
229.60006880760193,49.2,1620.46484375,
229.70119905471802,49.2,1620.46484375,
229.80214023590088,49.2,1620.46484375,
229.90304708480835,49.2,1620.46484375,
230.00416684150696,49.2,1620.46484375,
230.10527777671814,49.2,1620.46484375,
230.20629858970642,49.2,1620.46484375,
230.30731844902039,49.2,1620.46484375,
230.4084188938141,49.2,1620.46484375,
230.50936555862427,49.2,1620.46484375,
230.610417842865,49.2,1620.46484375,
230.71144366264343,49.2,1620.46484375,
230.81244540214539,49.2,1620.46484375,
230.913556098938,49.2,1620.46484375,
231.0145606994629,49.2,1620.46484375,
231.11558556556702,49.2,1620.46484375,
231.2166154384613,49.2,1620.46484375,
231.3175971508026,49.2,1620.46484375,
231.4186623096466,49.2,1620.46484375,
231.5196509361267,49.2,1620.46484375,
231.6206681728363,49.2,1620.46484375,
231.72177267074585,49.2,1620.46484375,
231.82279515266418,49.2,1620.46484375,
231.92389726638794,49.2,1620.46484375,
232.0248351097107,49.2,1620.46484375,
232.1259171962738,49.2,1620.46484375,
232.2269630432129,49.2,1620.46484375,
232.32796788215637,49.2,1620.46484375,
232.4290111064911,49.2,1620.46484375,
232.5303406715393,49.2,1620.46484375,
232.63107705116272,49.2,1620.46484375,
232.73206543922424,49.2,1620.46484375,
232.8331549167633,49.2,1620.46484375,
232.93418765068054,49.2,1620.46484375,
233.03510236740112,49.2,1620.46484375,
233.1362133026123,49.2,1620.46484375,
233.23715949058533,49.2,1620.46484375,
233.33832025527954,49.2,1620.46484375,
233.4392809867859,49.2,1620.46484375,
233.54042840003967,49.2,1620.46484375,
233.64146161079407,49.2,1620.46484375,
233.74253153800964,49.2,1620.46484375,
233.84352660179138,49.2,1620.46484375,
233.9444968700409,49.2,1620.46484375,
234.04552745819092,49.2,1620.46484375,
234.14650321006775,49.2,1620.46484375,
234.24748730659485,49.2,1620.46484375,
234.3486144542694,49.2,1620.46484375,
234.44970321655273,49.2,1620.46484375,
234.55066013336182,49.2,1620.46484375,
234.65170764923096,49.2,1620.46484375,
234.75279474258423,49.2,1620.46484375,
234.85376143455505,49.2,1620.46484375,
234.95489740371704,49.2,1620.46484375,
235.0558168888092,49.2,1620.46484375,
235.1569139957428,49.2,1620.46484375,
235.2579209804535,49.2,1620.46484375,
235.35891151428223,49.2,1620.46484375,
235.45989084243774,49.2,1620.46484375,
235.5609884262085,49.2,1620.46484375,
235.6620352268219,49.2,1620.46484375,
235.7630853652954,49.2,1620.46484375,
235.8640432357788,49.2,1620.46484375,
235.96506786346436,49.2,1620.46484375,
236.06611585617065,49.2,1620.46484375,
236.1672203540802,49.2,1620.46484375,
236.26816940307617,49.2,1620.46484375,
236.36924195289612,49.2,1620.46484375,
236.47054648399353,49.2,1620.46484375,
236.5724036693573,49.2,1620.46484375,
236.67346668243408,49.2,1620.46484375,
236.7743797302246,49.2,1620.46484375,
236.87542057037354,49.2,1620.46484375,
236.97651982307434,49.2,1620.46484375,
237.07751178741455,49.2,1620.46484375,
237.1785957813263,49.2,1620.46484375,
237.28018283843994,49.2,1620.46484375,
237.38110160827637,49.2,1620.46484375,
237.4821970462799,49.2,1620.46484375,
237.58321523666382,49.2,1620.46484375,
237.68424797058105,49.2,1620.46484375,
237.7851870059967,49.2,1620.46484375,
237.88626670837402,49.2,1620.46484375,
237.98737573623657,49.2,1620.46484375,
238.08842754364014,49.2,1620.46484375,
238.18943047523499,49.2,1620.46484375,
238.29044485092163,49.2,1620.46484375,
238.39145183563232,49.2,1620.46484375,
238.49246549606323,49.2,1620.46484375,
238.59353590011597,49.2,1620.46484375,
238.6947021484375,49.2,1620.46484375,
238.79567337036133,49.2,1620.46484375,
238.8966407775879,49.2,1620.46484375,
238.997807264328,49.2,1620.46484375,
239.09887146949768,49.2,1620.46484375,
239.1998279094696,49.2,1620.46484375,
239.3009181022644,49.2,1620.46484375,
239.4018907546997,49.2,1620.46484375,
239.5028715133667,49.2,1620.46484375,
239.60389065742493,49.2,1620.46484375,
239.70498871803284,49.2,1620.46484375,
239.80601477622986,49.2,1620.46484375,
239.90707802772522,49.2,1620.46484375,
240.00807189941406,49.2,1620.46484375,
240.10905599594116,49.2,1620.46484375,
240.21008253097534,49.2,1620.46484375,
240.31117343902588,49.2,1620.46484375,
240.41215324401855,49.2,1620.46484375,
240.51329255104065,49.20000000000001,1620.46484375,
